controller,instance_seed,target,success,steps,task_cost,task_inference_ms,meta_inference_ms,switch_ms,agent_pool_setup_ms,total_online_compute_ms,switches,allocation_steps,allocation_sequence,total_compute_ms,decisions,meta_decisions,allocation_counts
adaptive,20000,"[12, 19]",True,38,38.0,793.7557000000003,31.720000000000002,0.9160999999999999,862.0741,826.3918000000003,24,"{'g2_T1': 4, 'g2_T2': 5, 'g5_T1': 2, 'g5_T2': 8, 'g10_T1': 14, 'g10_T2': 5}","[""g2_T1"", ""g10_T1"", ""g5_T2"", ""g10_T1"", ""g2_T2"", ""g10_T2"", ""g2_T2"", ""g10_T2"", ""g10_T2"", ""g2_T2"", ""g10_T2"", ""g10_T1"", ""g2_T1"", ""g10_T1"", ""g2_T1"", ""g10_T1"", ""g2_T1"", ""g10_T1"", ""g10_T1"", ""g5_T2"", ""g5_T2"", ""g2_T2"", ""g2_T2"", ""g10_T1"", ""g5_T2"", ""g10_T2"", ""g5_T2"", ""g5_T2"", ""g5_T2"", ""g5_T2"", ""g10_T1"", ""g10_T1"", ""g10_T1"", ""g10_T1"", ""g10_T1"", ""g10_T1"", ""g5_T1"", ""g5_T1""]",826.3918000000003,38,37,"{""g10_T1"": 14, ""g10_T2"": 5, ""g2_T1"": 4, ""g2_T2"": 5, ""g5_T1"": 2, ""g5_T2"": 8}"
adaptive,20001,"[11, 10]",True,21,21.0,264.30100000000004,18.9874,0.4445,790.5356,283.73290000000003,11,"{'g2_T1': 1, 'g2_T2': 7, 'g5_T1': 5, 'g5_T2': 5, 'g10_T1': 1, 'g10_T2': 2}","[""g2_T1"", ""g2_T2"", ""g10_T1"", ""g5_T1"", ""g5_T1"", ""g5_T1"", ""g5_T1"", ""g2_T2"", ""g5_T1"", ""g2_T2"", ""g5_T2"", ""g2_T2"", ""g2_T2"", ""g2_T2"", ""g2_T2"", ""g5_T2"", ""g5_T2"", ""g5_T2"", ""g10_T2"", ""g10_T2"", ""g5_T2""]",283.73290000000003,21,20,"{""g10_T1"": 1, ""g10_T2"": 2, ""g2_T1"": 1, ""g2_T2"": 7, ""g5_T1"": 5, ""g5_T2"": 5}"
adaptive,20002,"[11, 17]",True,26,26.0,778.3915999999999,23.4002,0.37649999999999995,706.7754,802.1682999999999,10,"{'g2_T1': 2, 'g2_T2': 1, 'g5_T1': 1, 'g5_T2': 2, 'g10_T1': 7, 'g10_T2': 13}","[""g2_T1"", ""g10_T2"", ""g10_T2"", ""g10_T2"", ""g10_T2"", ""g10_T2"", ""g10_T2"", ""g2_T2"", ""g10_T2"", ""g10_T2"", ""g10_T2"", ""g10_T2"", ""g2_T1"", ""g10_T1"", ""g10_T1"", ""g5_T2"", ""g5_T2"", ""g10_T2"", ""g10_T2"", ""g10_T1"", ""g10_T1"", ""g10_T1"", ""g10_T1"", ""g10_T1"", ""g5_T1"", ""g10_T2""]",802.1682999999999,26,25,"{""g10_T1"": 7, ""g10_T2"": 13, ""g2_T1"": 2, ""g2_T2"": 1, ""g5_T1"": 1, ""g5_T2"": 2}"
adaptive,20003,"[10, 10]",True,12,12.0,181.2223,11.256600000000002,0.2692,779.5912,192.7481,5,"{'g2_T1': 1, 'g2_T2': 1, 'g5_T2': 9, 'g10_T2': 1}","[""g2_T1"", ""g5_T2"", ""g2_T2"", ""g5_T2"", ""g5_T2"", ""g5_T2"", ""g5_T2"", ""g5_T2"", ""g5_T2"", ""g5_T2"", ""g10_T2"", ""g5_T2""]",192.7481,12,11,"{""g10_T2"": 1, ""g2_T1"": 1, ""g2_T2"": 1, ""g5_T2"": 9}"
adaptive,20004,"[17, 14]",True,47,47.0,692.8478999999999,38.61970000000001,0.5561999999999999,745.3552,732.0237999999998,18,"{'g2_T1': 2, 'g2_T2': 2, 'g5_T1': 3, 'g5_T2': 31, 'g10_T1': 4, 'g10_T2': 5}","[""g2_T1"", ""g10_T1"", ""g10_T1"", ""g10_T1"", ""g5_T2"", ""g5_T2"", ""g5_T1"", ""g5_T2"", ""g5_T1"", ""g5_T2"", ""g5_T1"", ""g2_T2"", ""g5_T2"", ""g2_T2"", ""g5_T2"", ""g5_T2"", ""g5_T2"", ""g5_T2"", ""g5_T2"", ""g5_T2"", ""g5_T2"", ""g5_T2"", ""g5_T2"", ""g5_T2"", ""g10_T1"", ""g5_T2"", ""g5_T2"", ""g5_T2"", ""g5_T2"", ""g5_T2"", ""g10_T2"", ""g10_T2"", ""g10_T2"", ""g10_T2"", ""g5_T2"", ""g5_T2"", ""g5_T2"", ""g5_T2"", ""g5_T2"", ""g5_T2"", ""g5_T2"", ""g5_T2"", ""g10_T2"", ""g5_T2"", ""g5_T2"", ""g5_T2"", ""g2_T1""]",732.0237999999998,47,46,"{""g10_T1"": 4, ""g10_T2"": 5, ""g2_T1"": 2, ""g2_T2"": 2, ""g5_T1"": 3, ""g5_T2"": 31}"
adaptive,20005,"[17, 4]",False,50,150.5,977.1593999999998,41.264599999999994,0.7117,807.7206,1019.1356999999997,23,"{'g2_T1': 1, 'g2_T2': 5, 'g5_T1': 11, 'g5_T2': 13, 'g10_T1': 7, 'g10_T2': 13}","[""g2_T1"", ""g10_T1"", ""g5_T2"", ""g5_T2"", ""g5_T2"", ""g5_T2"", ""g5_T2"", ""g5_T2"", ""g10_T2"", ""g10_T2"", ""g10_T2"", ""g10_T2"", ""g10_T2"", ""g2_T2"", ""g10_T2"", ""g10_T2"", ""g2_T2"", ""g10_T2"", ""g2_T2"", ""g10_T2"", ""g2_T2"", ""g10_T2"", ""g10_T2"", ""g2_T2"", ""g10_T1"", ""g10_T1"", ""g10_T1"", ""g10_T1"", ""g10_T1"", ""g10_T1"", ""g10_T2"", ""g5_T2"", ""g5_T2"", ""g5_T2"", ""g5_T1"", ""g5_T1"", ""g5_T1"", ""g5_T2"", ""g5_T1"", ""g5_T1"", ""g5_T1"", ""g5_T1"", ""g5_T2"", ""g10_T2"", ""g5_T2"", ""g5_T1"", ""g5_T1"", ""g5_T1"", ""g5_T1"", ""g5_T2""]",1019.1356999999997,50,49,"{""g10_T1"": 7, ""g10_T2"": 13, ""g2_T1"": 1, ""g2_T2"": 5, ""g5_T1"": 11, ""g5_T2"": 13}"
adaptive,20006,"[17, 16]",True,38,38.0,877.1689,33.06230000000001,0.8595999999999999,736.4786,911.0908000000001,23,"{'g2_T1': 1, 'g2_T2': 7, 'g5_T1': 1, 'g5_T2': 6, 'g10_T1': 14, 'g10_T2': 9}","[""g2_T1"", ""g10_T1"", ""g2_T2"", ""g10_T1"", ""g10_T1"", ""g2_T2"", ""g10_T1"", ""g2_T2"", ""g10_T1"", ""g5_T2"", ""g5_T2"", ""g5_T2"", ""g10_T2"", ""g10_T2"", ""g10_T2"", ""g10_T1"", ""g10_T1"", ""g10_T1"", ""g2_T2"", ""g10_T2"", ""g2_T2"", ""g10_T2"", ""g2_T2"", ""g10_T2"", ""g10_T1"", ""g10_T1"", ""g10_T2"", ""g10_T1"", ""g10_T1"", ""g10_T1"", ""g10_T1"", ""g5_T1"", ""g10_T2"", ""g10_T2"", ""g5_T2"", ""g5_T2"", ""g5_T2"", ""g2_T2""]",911.0908000000001,38,37,"{""g10_T1"": 14, ""g10_T2"": 9, ""g2_T1"": 1, ""g2_T2"": 7, ""g5_T1"": 1, ""g5_T2"": 6}"
adaptive,20007,"[12, 16]",True,25,30.0,426.86519999999996,20.290100000000006,0.2313,747.1716,447.38659999999993,7,"{'g2_T1': 2, 'g2_T2': 1, 'g5_T1': 1, 'g5_T2': 12, 'g10_T1': 8, 'g10_T2': 1}","[""g2_T1"", ""g10_T1"", ""g5_T1"", ""g5_T2"", ""g5_T2"", ""g5_T2"", ""g5_T2"", ""g5_T2"", ""g5_T2"", ""g5_T2"", ""g5_T2"", ""g5_T2"", ""g5_T2"", ""g5_T2"", ""g5_T2"", ""g2_T2"", ""g10_T2"", ""g2_T1"", ""g10_T1"", ""g10_T1"", ""g10_T1"", ""g10_T1"", ""g10_T1"", ""g10_T1"", ""g10_T1""]",447.38659999999993,25,24,"{""g10_T1"": 8, ""g10_T2"": 1, ""g2_T1"": 2, ""g2_T2"": 1, ""g5_T1"": 1, ""g5_T2"": 12}"
adaptive,20008,"[12, 1]",True,37,37.0,545.4168000000001,26.9875,0.4318999999999999,818.9144,572.8362000000001,13,"{'g2_T1': 1, 'g2_T2': 4, 'g5_T1': 4, 'g5_T2': 23, 'g10_T1': 4, 'g10_T2': 1}","[""g2_T1"", ""g10_T1"", ""g5_T1"", ""g5_T1"", ""g5_T1"", ""g5_T1"", ""g2_T2"", ""g5_T2"", ""g2_T2"", ""g5_T2"", ""g2_T2"", ""g5_T2"", ""g2_T2"", ""g5_T2"", ""g5_T2"", ""g5_T2"", ""g5_T2"", ""g5_T2"", ""g5_T2"", ""g5_T2"", ""g5_T2"", ""g10_T2"", ""g10_T1"", ""g10_T1"", ""g10_T1"", ""g5_T2"", ""g5_T2"", ""g5_T2"", ""g5_T2"", ""g5_T2"", ""g5_T2"", ""g5_T2"", ""g5_T2"", ""g5_T2"", ""g5_T2"", ""g5_T2"", ""g5_T2""]",572.8362000000001,37,36,"{""g10_T1"": 4, ""g10_T2"": 1, ""g2_T1"": 1, ""g2_T2"": 4, ""g5_T1"": 4, ""g5_T2"": 23}"
adaptive,20009,"[12, 3]",True,22,27.0,386.703,18.8228,0.33899999999999997,794.425,405.8648,10,"{'g2_T1': 1, 'g2_T2': 4, 'g5_T2': 10, 'g10_T1': 5, 'g10_T2': 2}","[""g2_T1"", ""g10_T1"", ""g10_T1"", ""g10_T2"", ""g10_T1"", ""g10_T1"", ""g5_T2"", ""g2_T2"", ""g10_T1"", ""g2_T2"", ""g2_T2"", ""g2_T2"", ""g5_T2"", ""g5_T2"", ""g5_T2"", ""g5_T2"", ""g5_T2"", ""g5_T2"", ""g10_T2"", ""g5_T2"", ""g5_T2"", ""g5_T2""]",405.8648,22,21,"{""g10_T1"": 5, ""g10_T2"": 2, ""g2_T1"": 1, ""g2_T2"": 4, ""g5_T2"": 10}"
adaptive,20010,"[11, 7]",True,16,16.0,412.895,12.396099999999999,0.3322,734.0738,425.6233,11,"{'g2_T1': 1, 'g2_T2': 1, 'g5_T2': 4, 'g10_T1': 7, 'g10_T2': 3}","[""g2_T1"", ""g10_T2"", ""g10_T1"", ""g5_T2"", ""g10_T1"", ""g2_T2"", ""g10_T1"", ""g10_T1"", ""g10_T2"", ""g10_T1"", ""g10_T1"", ""g10_T1"", ""g5_T2"", ""g5_T2"", ""g10_T2"", ""g5_T2""]",425.6233,16,15,"{""g10_T1"": 7, ""g10_T2"": 3, ""g2_T1"": 1, ""g2_T2"": 1, ""g5_T2"": 4}"
adaptive,20011,"[17, 5]",True,20,25.0,535.2973,15.326199999999998,0.3525,872.2343,550.9759999999999,11,"{'g2_T1': 1, 'g2_T2': 1, 'g5_T1': 1, 'g5_T2': 5, 'g10_T1': 2, 'g10_T2': 10}","[""g2_T1"", ""g10_T2"", ""g5_T2"", ""g10_T2"", ""g10_T2"", ""g10_T2"", ""g10_T2"", ""g10_T2"", ""g10_T1"", ""g10_T1"", ""g2_T2"", ""g10_T2"", ""g5_T2"", ""g5_T2"", ""g5_T2"", ""g5_T1"", ""g10_T2"", ""g5_T2"", ""g10_T2"", ""g10_T2""]",550.9759999999999,20,19,"{""g10_T1"": 2, ""g10_T2"": 10, ""g2_T1"": 1, ""g2_T2"": 1, ""g5_T1"": 1, ""g5_T2"": 5}"
adaptive,20012,"[16, 17]",False,50,150.0,1029.2948000000001,41.93780000000002,1.9226,890.7072,1073.1552000000001,48,"{'g2_T1': 1, 'g2_T2': 24, 'g5_T2': 2, 'g10_T2': 23}","[""g2_T1"", ""g5_T2"", ""g5_T2"", ""g2_T2"", ""g10_T2"", ""g2_T2"", ""g10_T2"", ""g2_T2"", ""g10_T2"", ""g2_T2"", ""g10_T2"", ""g2_T2"", ""g10_T2"", ""g2_T2"", ""g10_T2"", ""g2_T2"", ""g10_T2"", ""g2_T2"", ""g10_T2"", ""g2_T2"", ""g10_T2"", ""g2_T2"", ""g10_T2"", ""g2_T2"", ""g10_T2"", ""g2_T2"", ""g10_T2"", ""g2_T2"", ""g10_T2"", ""g2_T2"", ""g10_T2"", ""g2_T2"", ""g10_T2"", ""g2_T2"", ""g10_T2"", ""g2_T2"", ""g10_T2"", ""g2_T2"", ""g10_T2"", ""g2_T2"", ""g10_T2"", ""g2_T2"", ""g10_T2"", ""g2_T2"", ""g10_T2"", ""g2_T2"", ""g10_T2"", ""g2_T2"", ""g10_T2"", ""g2_T2""]",1073.1552000000001,50,49,"{""g10_T2"": 23, ""g2_T1"": 1, ""g2_T2"": 24, ""g5_T2"": 2}"
adaptive,20013,"[19, 16]",False,50,150.0,871.3876000000001,44.9739,0.4915999999999999,803.9444,916.8531,15,"{'g2_T1': 1, 'g2_T2': 3, 'g5_T1': 5, 'g5_T2': 26, 'g10_T1': 8, 'g10_T2': 7}","[""g2_T1"", ""g10_T1"", ""g10_T1"", ""g10_T2"", ""g10_T2"", ""g10_T2"", ""g10_T2"", ""g2_T2"", ""g10_T2"", ""g2_T2"", ""g10_T2"", ""g2_T2"", ""g10_T1"", ""g10_T1"", ""g10_T1"", ""g10_T1"", ""g10_T1"", ""g10_T1"", ""g5_T2"", ""g5_T2"", ""g10_T2"", ""g5_T2"", ""g5_T2"", ""g5_T2"", ""g5_T2"", ""g5_T2"", ""g5_T2"", ""g5_T1"", ""g5_T1"", ""g5_T2"", ""g5_T2"", ""g5_T2"", ""g5_T2"", ""g5_T2"", ""g5_T2"", ""g5_T2"", ""g5_T2"", ""g5_T2"", ""g5_T2"", ""g5_T2"", ""g5_T2"", ""g5_T2"", ""g5_T2"", ""g5_T2"", ""g5_T2"", ""g5_T1"", ""g5_T1"", ""g5_T1"", ""g5_T2"", ""g5_T2""]",916.8531,50,49,"{""g10_T1"": 8, ""g10_T2"": 7, ""g2_T1"": 1, ""g2_T2"": 3, ""g5_T1"": 5, ""g5_T2"": 26}"
adaptive,20014,"[17, 5]",True,35,35.0,934.5249000000001,30.8012,0.4884,732.3612,965.8145000000001,14,"{'g2_T1': 1, 'g2_T2': 1, 'g5_T1': 1, 'g5_T2': 8, 'g10_T1': 12, 'g10_T2': 12}","[""g2_T1"", ""g10_T1"", ""g2_T2"", ""g10_T1"", ""g10_T1"", ""g5_T2"", ""g5_T2"", ""g10_T2"", ""g10_T2"", ""g10_T2"", ""g10_T2"", ""g10_T2"", ""g10_T2"", ""g10_T1"", ""g10_T1"", ""g10_T1"", ""g10_T2"", ""g5_T1"", ""g10_T1"", ""g5_T2"", ""g5_T2"", ""g10_T2"", ""g10_T2"", ""g10_T2"", ""g10_T1"", ""g10_T1"", ""g10_T1"", ""g10_T1"", ""g10_T1"", ""g5_T2"", ""g5_T2"", ""g5_T2"", ""g5_T2"", ""g10_T2"", ""g10_T2""]",965.8145000000001,35,34,"{""g10_T1"": 12, ""g10_T2"": 12, ""g2_T1"": 1, ""g2_T2"": 1, ""g5_T1"": 1, ""g5_T2"": 8}"
adaptive,20015,"[18, 10]",True,31,31.0,374.0887000000001,27.646799999999995,0.3412,821.3316,402.0767000000001,11,"{'g2_T1': 1, 'g2_T2': 2, 'g5_T1': 3, 'g5_T2': 23, 'g10_T1': 2}","[""g2_T1"", ""g5_T2"", ""g10_T1"", ""g10_T1"", ""g5_T2"", ""g5_T2"", ""g5_T2"", ""g2_T2"", ""g5_T2"", ""g2_T2"", ""g5_T2"", ""g5_T2"", ""g5_T2"", ""g5_T2"", ""g5_T2"", ""g5_T2"", ""g5_T2"", ""g5_T2"", ""g5_T2"", ""g5_T1"", ""g5_T1"", ""g5_T2"", ""g5_T1"", ""g5_T2"", ""g5_T2"", ""g5_T2"", ""g5_T2"", ""g5_T2"", ""g5_T2"", ""g5_T2"", ""g5_T2""]",402.0767000000001,31,30,"{""g10_T1"": 2, ""g2_T1"": 1, ""g2_T2"": 2, ""g5_T1"": 3, ""g5_T2"": 23}"
adaptive,20016,"[10, 16]",True,15,15.0,332.8174,12.023299999999999,0.4033,788.0489,345.244,12,"{'g2_T1': 2, 'g2_T2': 2, 'g5_T2': 3, 'g10_T1': 4, 'g10_T2': 4}","[""g2_T1"", ""g5_T2"", ""g10_T2"", ""g5_T2"", ""g5_T2"", ""g2_T2"", ""g10_T2"", ""g2_T2"", ""g10_T2"", ""g10_T1"", ""g2_T1"", ""g10_T1"", ""g10_T2"", ""g10_T1"", ""g10_T1""]",345.244,15,14,"{""g10_T1"": 4, ""g10_T2"": 4, ""g2_T1"": 2, ""g2_T2"": 2, ""g5_T2"": 3}"
adaptive,20017,"[18, 18]",True,19,19.0,451.6632000000001,16.974500000000003,0.6206,708.6525,469.2583000000001,12,"{'g2_T1': 1, 'g2_T2': 1, 'g5_T2': 6, 'g10_T1': 7, 'g10_T2': 4}","[""g2_T1"", ""g10_T1"", ""g5_T2"", ""g10_T2"", ""g5_T2"", ""g5_T2"", ""g5_T2"", ""g5_T2"", ""g10_T1"", ""g10_T2"", ""g10_T1"", ""g10_T1"", ""g10_T2"", ""g10_T1"", ""g10_T1"", ""g10_T1"", ""g10_T2"", ""g5_T2"", ""g2_T2""]",469.2583000000001,19,18,"{""g10_T1"": 7, ""g10_T2"": 4, ""g2_T1"": 1, ""g2_T2"": 1, ""g5_T2"": 6}"
adaptive,20018,"[13, 6]",True,50,60.0,1124.2468000000003,39.797700000000006,0.5822999999999998,722.4489,1164.6268000000005,23,"{'g2_T1': 1, 'g2_T2': 2, 'g5_T1': 7, 'g5_T2': 14, 'g10_T1': 17, 'g10_T2': 9}","[""g2_T1"", ""g10_T1"", ""g10_T1"", ""g10_T1"", ""g5_T2"", ""g10_T1"", ""g10_T1"", ""g2_T2"", ""g10_T1"", ""g10_T1"", ""g10_T1"", ""g10_T1"", ""g10_T1"", ""g10_T2"", ""g10_T2"", ""g10_T2"", ""g10_T1"", ""g10_T2"", ""g10_T1"", ""g10_T2"", ""g10_T1"", ""g10_T2"", ""g10_T1"", ""g10_T2"", ""g5_T2"", ""g10_T1"", ""g10_T1"", ""g10_T1"", ""g5_T2"", ""g5_T2"", ""g5_T2"", ""g5_T1"", ""g5_T1"", ""g5_T1"", ""g5_T1"", ""g5_T2"", ""g5_T2"", ""g5_T2"", ""g5_T2"", ""g2_T2"", ""g5_T2"", ""g5_T2"", ""g5_T2"", ""g5_T2"", ""g5_T2"", ""g5_T1"", ""g5_T1"", ""g5_T1"", ""g10_T2"", ""g10_T2""]",1164.6268000000005,50,49,"{""g10_T1"": 17, ""g10_T2"": 9, ""g2_T1"": 1, ""g2_T2"": 2, ""g5_T1"": 7, ""g5_T2"": 14}"
adaptive,20019,"[10, 17]",True,27,27.0,476.42479999999995,23.4359,0.6026,869.92,500.46329999999995,18,"{'g2_T1': 1, 'g2_T2': 6, 'g5_T1': 1, 'g5_T2': 10, 'g10_T1': 3, 'g10_T2': 6}","[""g2_T1"", ""g5_T2"", ""g5_T1"", ""g5_T2"", ""g2_T2"", ""g5_T2"", ""g2_T2"", ""g2_T2"", ""g5_T2"", ""g5_T2"", ""g5_T2"", ""g5_T2"", ""g5_T2"", ""g10_T2"", ""g2_T2"", ""g10_T2"", ""g2_T2"", ""g10_T2"", ""g10_T2"", ""g2_T2"", ""g10_T2"", ""g10_T1"", ""g10_T1"", ""g10_T2"", ""g10_T1"", ""g5_T2"", ""g5_T2""]",500.46329999999995,27,26,"{""g10_T1"": 3, ""g10_T2"": 6, ""g2_T1"": 1, ""g2_T2"": 6, ""g5_T1"": 1, ""g5_T2"": 10}"
adaptive,20020,"[18, 4]",True,19,19.0,391.8729,15.651500000000002,0.4367999999999999,901.8714,407.9612,12,"{'g2_T1': 1, 'g2_T2': 4, 'g5_T2': 5, 'g10_T1': 6, 'g10_T2': 3}","[""g2_T1"", ""g5_T2"", ""g5_T2"", ""g5_T2"", ""g2_T2"", ""g10_T2"", ""g2_T2"", ""g10_T2"", ""g2_T2"", ""g10_T1"", ""g2_T2"", ""g5_T2"", ""g5_T2"", ""g10_T1"", ""g10_T1"", ""g10_T1"", ""g10_T1"", ""g10_T2"", ""g10_T1""]",407.9612,19,18,"{""g10_T1"": 6, ""g10_T2"": 3, ""g2_T1"": 1, ""g2_T2"": 4, ""g5_T2"": 5}"
adaptive,20021,"[14, 13]",True,31,31.0,785.6681,26.513599999999997,0.49130000000000007,730.2371,812.673,15,"{'g2_T1': 1, 'g2_T2': 3, 'g5_T2': 5, 'g10_T1': 16, 'g10_T2': 6}","[""g2_T1"", ""g10_T1"", ""g10_T1"", ""g10_T1"", ""g10_T1"", ""g10_T1"", ""g5_T2"", ""g5_T2"", ""g2_T2"", ""g10_T1"", ""g2_T2"", ""g5_T2"", ""g2_T2"", ""g5_T2"", ""g10_T1"", ""g10_T1"", ""g10_T1"", ""g10_T1"", ""g10_T2"", ""g10_T2"", ""g10_T2"", ""g10_T2"", ""g5_T2"", ""g10_T1"", ""g10_T1"", ""g10_T1"", ""g10_T1"", ""g10_T1"", ""g10_T2"", ""g10_T1"", ""g10_T2""]",812.673,31,30,"{""g10_T1"": 16, ""g10_T2"": 6, ""g2_T1"": 1, ""g2_T2"": 3, ""g5_T2"": 5}"
adaptive,20022,"[16, 11]",True,26,31.0,406.6408999999999,19.824500000000004,0.32830000000000004,805.9632,426.7936999999999,11,"{'g2_T1': 1, 'g2_T2': 2, 'g2_T3': 1, 'g5_T1': 4, 'g5_T2': 16, 'g10_T2': 2}","[""g2_T1"", ""g5_T2"", ""g2_T2"", ""g5_T2"", ""g2_T2"", ""g5_T2"", ""g5_T2"", ""g5_T2"", ""g5_T2"", ""g5_T2"", ""g5_T2"", ""g5_T2"", ""g5_T2"", ""g5_T2"", ""g5_T1"", ""g5_T1"", ""g5_T2"", ""g5_T2"", ""g5_T1"", ""g5_T1"", ""g10_T2"", ""g10_T2"", ""g5_T2"", ""g5_T2"", ""g5_T2"", ""g2_T3""]",426.7936999999999,26,25,"{""g10_T2"": 2, ""g2_T1"": 1, ""g2_T2"": 2, ""g2_T3"": 1, ""g5_T1"": 4, ""g5_T2"": 16}"
adaptive,20023,"[10, 12]",True,7,12.0,153.38269999999997,5.2959,0.189,755.0151,158.86759999999995,5,"{'g2_T1': 1, 'g5_T2': 3, 'g10_T2': 3}","[""g2_T1"", ""g10_T2"", ""g5_T2"", ""g5_T2"", ""g10_T2"", ""g5_T2"", ""g10_T2""]",158.86759999999995,7,6,"{""g10_T2"": 3, ""g2_T1"": 1, ""g5_T2"": 3}"
adaptive,20024,"[14, 19]",False,50,150.0,864.5651,41.08329999999999,0.6563,885.4442,906.3047,22,"{'g2_T1': 1, 'g2_T2': 6, 'g5_T1': 10, 'g5_T2': 17, 'g10_T1': 7, 'g10_T2': 9}","[""g2_T1"", ""g2_T2"", ""g2_T2"", ""g2_T2"", ""g5_T2"", ""g2_T2"", ""g10_T2"", ""g10_T2"", ""g10_T2"", ""g10_T2"", ""g10_T2"", ""g2_T2"", ""g10_T2"", ""g2_T2"", ""g10_T1"", ""g5_T1"", ""g5_T2"", ""g5_T2"", ""g5_T2"", ""g5_T2"", ""g5_T2"", ""g5_T2"", ""g5_T2"", ""g5_T2"", ""g5_T2"", ""g5_T1"", ""g5_T1"", ""g5_T2"", ""g5_T2"", ""g5_T2"", ""g5_T2"", ""g5_T2"", ""g5_T2"", ""g10_T2"", ""g5_T1"", ""g10_T1"", ""g10_T1"", ""g10_T1"", ""g10_T1"", ""g5_T1"", ""g5_T2"", ""g5_T1"", ""g5_T1"", ""g5_T1"", ""g5_T1"", ""g10_T1"", ""g5_T1"", ""g10_T1"", ""g10_T2"", ""g10_T2""]",906.3047,50,49,"{""g10_T1"": 7, ""g10_T2"": 9, ""g2_T1"": 1, ""g2_T2"": 6, ""g5_T1"": 10, ""g5_T2"": 17}"
adaptive,20025,"[12, 8]",True,2,2.0,14.475600000000002,0.8771,0.0637,891.8445,15.416400000000003,1,"{'g2_T1': 1, 'g5_T2': 1}","[""g2_T1"", ""g5_T2""]",15.416400000000003,2,1,"{""g2_T1"": 1, ""g5_T2"": 1}"
adaptive,20026,"[12, 10]",True,16,16.0,276.957,13.0173,0.3214,784.9563,290.29569999999995,8,"{'g2_T1': 1, 'g2_T2': 3, 'g5_T2': 7, 'g10_T1': 1, 'g10_T2': 4}","[""g2_T1"", ""g5_T2"", ""g2_T2"", ""g10_T1"", ""g2_T2"", ""g2_T2"", ""g5_T2"", ""g5_T2"", ""g5_T2"", ""g10_T2"", ""g5_T2"", ""g5_T2"", ""g5_T2"", ""g10_T2"", ""g10_T2"", ""g10_T2""]",290.29569999999995,16,15,"{""g10_T1"": 1, ""g10_T2"": 4, ""g2_T1"": 1, ""g2_T2"": 3, ""g5_T2"": 7}"
adaptive,20027,"[19, 7]",True,36,36.0,651.1027999999999,28.007900000000003,0.5827999999999999,790.7429,679.6934999999999,19,"{'g2_T1': 1, 'g2_T2': 4, 'g5_T1': 2, 'g5_T2': 18, 'g10_T1': 6, 'g10_T2': 5}","[""g2_T1"", ""g10_T1"", ""g2_T2"", ""g10_T1"", ""g2_T2"", ""g5_T2"", ""g2_T2"", ""g5_T2"", ""g2_T2"", ""g5_T2"", ""g5_T2"", ""g5_T2"", ""g5_T2"", ""g5_T2"", ""g10_T2"", ""g5_T2"", ""g5_T1"", ""g10_T2"", ""g10_T1"", ""g10_T1"", ""g5_T2"", ""g5_T2"", ""g5_T2"", ""g5_T2"", ""g5_T2"", ""g5_T2"", ""g5_T2"", ""g5_T2"", ""g5_T2"", ""g5_T2"", ""g5_T1"", ""g10_T2"", ""g10_T1"", ""g10_T1"", ""g10_T2"", ""g10_T2""]",679.6934999999999,36,35,"{""g10_T1"": 6, ""g10_T2"": 5, ""g2_T1"": 1, ""g2_T2"": 4, ""g5_T1"": 2, ""g5_T2"": 18}"
adaptive,20028,"[17, 16]",False,50,155.0,1346.8116000000005,41.56500000000002,0.45500000000000007,749.0546,1388.8316000000004,14,"{'g2_T1': 1, 'g2_T2': 2, 'g5_T2': 17, 'g10_T1': 8, 'g10_T2': 22}","[""g2_T1"", ""g10_T2"", ""g5_T2"", ""g10_T2"", ""g10_T1"", ""g10_T1"", ""g10_T1"", ""g2_T2"", ""g10_T2"", ""g2_T2"", ""g10_T2"", ""g10_T2"", ""g10_T2"", ""g10_T2"", ""g10_T2"", ""g10_T2"", ""g10_T2"", ""g10_T2"", ""g10_T2"", ""g10_T2"", ""g10_T2"", ""g10_T2"", ""g10_T1"", ""g10_T1"", ""g10_T1"", ""g10_T1"", ""g10_T1"", ""g10_T2"", ""g5_T2"", ""g5_T2"", ""g5_T2"", ""g5_T2"", ""g10_T2"", ""g10_T2"", ""g10_T2"", ""g10_T2"", ""g5_T2"", ""g5_T2"", ""g5_T2"", ""g5_T2"", ""g5_T2"", ""g5_T2"", ""g5_T2"", ""g5_T2"", ""g5_T2"", ""g5_T2"", ""g5_T2"", ""g5_T2"", ""g10_T2"", ""g10_T2""]",1388.8316000000004,50,49,"{""g10_T1"": 8, ""g10_T2"": 22, ""g2_T1"": 1, ""g2_T2"": 2, ""g5_T2"": 17}"
adaptive,20029,"[10, 7]",True,20,20.0,267.29689999999994,15.612899999999996,0.3877,883.0781,283.2974999999999,10,"{'g2_T1': 1, 'g2_T2': 4, 'g5_T1': 3, 'g5_T2': 9, 'g10_T2': 3}","[""g2_T1"", ""g5_T1"", ""g2_T2"", ""g5_T1"", ""g2_T2"", ""g5_T1"", ""g2_T2"", ""g5_T2"", ""g2_T2"", ""g5_T2"", ""g5_T2"", ""g5_T2"", ""g5_T2"", ""g5_T2"", ""g5_T2"", ""g5_T2"", ""g5_T2"", ""g10_T2"", ""g10_T2"", ""g10_T2""]",283.2974999999999,20,19,"{""g10_T2"": 3, ""g2_T1"": 1, ""g2_T2"": 4, ""g5_T1"": 3, ""g5_T2"": 9}"
adaptive,20030,"[18, 5]",True,46,46.0,653.5940999999998,35.3716,0.42089999999999994,818.304,689.3865999999997,16,"{'g2_T1': 1, 'g2_T2': 4, 'g5_T1': 15, 'g5_T2': 19, 'g10_T1': 3, 'g10_T2': 4}","[""g2_T1"", ""g10_T2"", ""g10_T1"", ""g10_T1"", ""g5_T2"", ""g2_T2"", ""g10_T1"", ""g2_T2"", ""g2_T2"", ""g2_T2"", ""g5_T2"", ""g5_T2"", ""g5_T2"", ""g5_T2"", ""g5_T2"", ""g5_T2"", ""g5_T2"", ""g5_T2"", ""g5_T2"", ""g5_T1"", ""g5_T1"", ""g5_T1"", ""g5_T1"", ""g5_T1"", ""g5_T2"", ""g5_T2"", ""g10_T2"", ""g5_T2"", ""g5_T2"", ""g5_T2"", ""g5_T2"", ""g5_T1"", ""g5_T1"", ""g5_T2"", ""g5_T2"", ""g5_T1"", ""g5_T1"", ""g5_T1"", ""g5_T1"", ""g5_T1"", ""g5_T1"", ""g5_T1"", ""g5_T1"", ""g5_T2"", ""g10_T2"", ""g10_T2""]",689.3865999999997,46,45,"{""g10_T1"": 3, ""g10_T2"": 4, ""g2_T1"": 1, ""g2_T2"": 4, ""g5_T1"": 15, ""g5_T2"": 19}"
adaptive,20031,"[12, 8]",True,19,19.0,369.9762,14.564999999999998,0.5285,761.6098,385.0697,15,"{'g2_T1': 1, 'g2_T2': 6, 'g5_T2': 3, 'g10_T1': 3, 'g10_T2': 6}","[""g2_T1"", ""g10_T2"", ""g5_T2"", ""g2_T2"", ""g5_T2"", ""g5_T2"", ""g10_T1"", ""g2_T2"", ""g10_T1"", ""g2_T2"", ""g10_T2"", ""g10_T1"", ""g10_T2"", ""g2_T2"", ""g2_T2"", ""g10_T2"", ""g10_T2"", ""g2_T2"", ""g10_T2""]",385.0697,19,18,"{""g10_T1"": 3, ""g10_T2"": 6, ""g2_T1"": 1, ""g2_T2"": 6, ""g5_T2"": 3}"
adaptive,20032,"[13, 12]",True,25,25.0,324.97290000000004,19.9272,0.33970000000000006,823.0368,345.23980000000006,10,"{'g2_T1': 1, 'g2_T2': 2, 'g5_T1': 1, 'g5_T2': 19, 'g10_T1': 2}","[""g2_T1"", ""g10_T1"", ""g5_T2"", ""g10_T1"", ""g5_T2"", ""g5_T2"", ""g5_T2"", ""g2_T2"", ""g5_T2"", ""g2_T2"", ""g5_T2"", ""g5_T2"", ""g5_T2"", ""g5_T1"", ""g5_T2"", ""g5_T2"", ""g5_T2"", ""g5_T2"", ""g5_T2"", ""g5_T2"", ""g5_T2"", ""g5_T2"", ""g5_T2"", ""g5_T2"", ""g5_T2""]",345.23980000000006,25,24,"{""g10_T1"": 2, ""g2_T1"": 1, ""g2_T2"": 2, ""g5_T1"": 1, ""g5_T2"": 19}"
adaptive,20033,"[18, 1]",True,27,27.0,610.4628,24.229000000000003,0.39449999999999996,876.7294,635.0863,12,"{'g2_T1': 1, 'g2_T2': 3, 'g5_T1': 1, 'g5_T2': 9, 'g10_T1': 2, 'g10_T2': 11}","[""g2_T1"", ""g2_T2"", ""g10_T2"", ""g2_T2"", ""g10_T2"", ""g10_T2"", ""g10_T2"", ""g10_T2"", ""g10_T2"", ""g10_T2"", ""g10_T2"", ""g10_T2"", ""g5_T2"", ""g5_T2"", ""g10_T2"", ""g10_T1"", ""g10_T1"", ""g5_T2"", ""g5_T2"", ""g5_T2"", ""g5_T1"", ""g10_T2"", ""g5_T2"", ""g5_T2"", ""g5_T2"", ""g5_T2"", ""g2_T2""]",635.0863,27,26,"{""g10_T1"": 2, ""g10_T2"": 11, ""g2_T1"": 1, ""g2_T2"": 3, ""g5_T1"": 1, ""g5_T2"": 9}"
adaptive,20034,"[14, 10]",True,36,36.0,779.8919000000001,31.215800000000005,0.7286,800.0719,811.8363000000002,21,"{'g2_T1': 1, 'g2_T2': 2, 'g5_T2': 15, 'g10_T1': 5, 'g10_T2': 13}","[""g2_T1"", ""g5_T2"", ""g5_T2"", ""g10_T2"", ""g10_T2"", ""g10_T1"", ""g10_T2"", ""g5_T2"", ""g5_T2"", ""g10_T2"", ""g5_T2"", ""g5_T2"", ""g10_T2"", ""g10_T2"", ""g10_T1"", ""g5_T2"", ""g5_T2"", ""g10_T2"", ""g10_T2"", ""g10_T2"", ""g10_T1"", ""g2_T2"", ""g10_T2"", ""g2_T2"", ""g10_T2"", ""g10_T1"", ""g10_T1"", ""g5_T2"", ""g5_T2"", ""g5_T2"", ""g5_T2"", ""g5_T2"", ""g10_T2"", ""g5_T2"", ""g5_T2"", ""g10_T2""]",811.8363000000002,36,35,"{""g10_T1"": 5, ""g10_T2"": 13, ""g2_T1"": 1, ""g2_T2"": 2, ""g5_T2"": 15}"
adaptive,20035,"[19, 17]",True,31,31.0,610.2218999999999,27.576600000000006,0.43270000000000003,797.8808,638.2311999999998,12,"{'g2_T1': 1, 'g2_T2': 3, 'g5_T1': 3, 'g5_T2': 11, 'g10_T1': 3, 'g10_T2': 10}","[""g2_T1"", ""g10_T1"", ""g2_T2"", ""g10_T2"", ""g2_T2"", ""g10_T2"", ""g2_T2"", ""g10_T2"", ""g5_T2"", ""g5_T2"", ""g5_T2"", ""g10_T2"", ""g10_T2"", ""g10_T2"", ""g10_T2"", ""g10_T2"", ""g10_T2"", ""g10_T2"", ""g10_T1"", ""g10_T1"", ""g5_T1"", ""g5_T1"", ""g5_T1"", ""g5_T2"", ""g5_T2"", ""g5_T2"", ""g5_T2"", ""g5_T2"", ""g5_T2"", ""g5_T2"", ""g5_T2""]",638.2311999999998,31,30,"{""g10_T1"": 3, ""g10_T2"": 10, ""g2_T1"": 1, ""g2_T2"": 3, ""g5_T1"": 3, ""g5_T2"": 11}"
adaptive,20036,"[10, 0]",True,25,25.0,322.1175,20.560200000000002,0.3683,911.9223,343.046,10,"{'g2_T1': 1, 'g2_T2': 4, 'g5_T1': 8, 'g5_T2': 8, 'g10_T1': 2, 'g10_T2': 2}","[""g2_T1"", ""g10_T1"", ""g5_T1"", ""g5_T1"", ""g5_T1"", ""g5_T1"", ""g5_T1"", ""g5_T1"", ""g5_T1"", ""g2_T2"", ""g5_T1"", ""g2_T2"", ""g5_T2"", ""g2_T2"", ""g2_T2"", ""g5_T2"", ""g5_T2"", ""g5_T2"", ""g5_T2"", ""g5_T2"", ""g5_T2"", ""g5_T2"", ""g10_T2"", ""g10_T2"", ""g10_T1""]",343.046,25,24,"{""g10_T1"": 2, ""g10_T2"": 2, ""g2_T1"": 1, ""g2_T2"": 4, ""g5_T1"": 8, ""g5_T2"": 8}"
adaptive,20037,"[12, 4]",True,18,18.0,386.3617,13.3577,0.2595,810.4298,399.9789,10,"{'g2_T1': 1, 'g2_T2': 3, 'g5_T1': 2, 'g5_T2': 5, 'g10_T1': 2, 'g10_T2': 5}","[""g2_T1"", ""g2_T2"", ""g10_T1"", ""g2_T2"", ""g2_T2"", ""g10_T1"", ""g5_T2"", ""g5_T2"", ""g5_T2"", ""g5_T1"", ""g5_T2"", ""g10_T2"", ""g10_T2"", ""g10_T2"", ""g10_T2"", ""g10_T2"", ""g5_T2"", ""g5_T1""]",399.9789,18,17,"{""g10_T1"": 2, ""g10_T2"": 5, ""g2_T1"": 1, ""g2_T2"": 3, ""g5_T1"": 2, ""g5_T2"": 5}"
adaptive,20038,"[14, 9]",True,30,35.0,567.3966,26.617500000000003,0.6593,864.4991,594.6734,19,"{'g2_T1': 1, 'g2_T2': 7, 'g5_T1': 1, 'g5_T2': 9, 'g10_T1': 7, 'g10_T2': 5}","[""g2_T1"", ""g5_T2"", ""g5_T2"", ""g2_T2"", ""g10_T2"", ""g2_T2"", ""g10_T2"", ""g2_T2"", ""g10_T2"", ""g10_T2"", ""g10_T1"", ""g2_T2"", ""g10_T1"", ""g2_T2"", ""g10_T1"", ""g2_T2"", ""g10_T1"", ""g10_T1"", ""g10_T2"", ""g10_T1"", ""g10_T1"", ""g5_T1"", ""g5_T2"", ""g5_T2"", ""g5_T2"", ""g5_T2"", ""g5_T2"", ""g5_T2"", ""g5_T2"", ""g2_T2""]",594.6734,30,29,"{""g10_T1"": 7, ""g10_T2"": 5, ""g2_T1"": 1, ""g2_T2"": 7, ""g5_T1"": 1, ""g5_T2"": 9}"
adaptive,20039,"[11, 18]",False,50,150.0,907.0824000000001,42.0265,0.6914999999999999,717.7123,949.8004000000002,23,"{'g2_T1': 1, 'g2_T2': 3, 'g5_T1': 3, 'g5_T2': 28, 'g10_T1': 12, 'g10_T2': 3}","[""g2_T1"", ""g10_T1"", ""g5_T2"", ""g2_T2"", ""g10_T1"", ""g2_T2"", ""g10_T1"", ""g2_T2"", ""g5_T2"", ""g10_T1"", ""g10_T1"", ""g10_T1"", ""g10_T1"", ""g10_T1"", ""g10_T1"", ""g10_T2"", ""g10_T1"", ""g10_T1"", ""g5_T2"", ""g5_T2"", ""g5_T2"", ""g5_T2"", ""g5_T2"", ""g5_T2"", ""g10_T2"", ""g10_T1"", ""g5_T2"", ""g5_T2"", ""g5_T2"", ""g5_T2"", ""g5_T2"", ""g5_T2"", ""g5_T2"", ""g5_T2"", ""g5_T2"", ""g5_T2"", ""g5_T2"", ""g5_T2"", ""g5_T2"", ""g10_T2"", ""g5_T2"", ""g5_T2"", ""g5_T1"", ""g5_T2"", ""g5_T1"", ""g5_T2"", ""g5_T1"", ""g5_T2"", ""g5_T2"", ""g5_T2""]",949.8004000000002,50,49,"{""g10_T1"": 12, ""g10_T2"": 3, ""g2_T1"": 1, ""g2_T2"": 3, ""g5_T1"": 3, ""g5_T2"": 28}"
adaptive,20040,"[15, 2]",True,48,48.0,1123.8321,40.2639,0.6841,798.7545,1164.7801,19,"{'g2_T1': 1, 'g2_T2': 6, 'g5_T1': 11, 'g5_T2': 10, 'g10_T1': 8, 'g10_T2': 11, 'g20_T1': 1}","[""g2_T1"", ""g10_T1"", ""g5_T1"", ""g10_T2"", ""g5_T1"", ""g5_T1"", ""g5_T1"", ""g5_T1"", ""g2_T2"", ""g5_T2"", ""g2_T2"", ""g2_T2"", ""g2_T2"", ""g5_T2"", ""g5_T2"", ""g5_T2"", ""g5_T2"", ""g10_T2"", ""g10_T2"", ""g10_T2"", ""g10_T2"", ""g2_T2"", ""g2_T2"", ""g10_T2"", ""g10_T1"", ""g10_T1"", ""g10_T1"", ""g5_T1"", ""g5_T1"", ""g5_T1"", ""g5_T2"", ""g5_T2"", ""g5_T2"", ""g5_T2"", ""g5_T2"", ""g5_T1"", ""g5_T1"", ""g10_T1"", ""g10_T1"", ""g10_T1"", ""g10_T1"", ""g5_T1"", ""g10_T2"", ""g10_T2"", ""g10_T2"", ""g10_T2"", ""g10_T2"", ""g20_T1""]",1164.7801,48,47,"{""g10_T1"": 8, ""g10_T2"": 11, ""g20_T1"": 1, ""g2_T1"": 1, ""g2_T2"": 6, ""g5_T1"": 11, ""g5_T2"": 10}"
adaptive,20041,"[12, 13]",True,20,20.0,313.2919,17.529000000000003,0.35140000000000005,923.4512,331.1723,11,"{'g2_T1': 1, 'g2_T2': 2, 'g5_T1': 3, 'g5_T2': 11, 'g10_T2': 3}","[""g2_T1"", ""g10_T2"", ""g5_T2"", ""g2_T2"", ""g5_T2"", ""g2_T2"", ""g5_T2"", ""g5_T2"", ""g5_T2"", ""g5_T2"", ""g5_T2"", ""g5_T2"", ""g10_T2"", ""g10_T2"", ""g5_T1"", ""g5_T2"", ""g5_T1"", ""g5_T1"", ""g5_T2"", ""g5_T2""]",331.1723,20,19,"{""g10_T2"": 3, ""g2_T1"": 1, ""g2_T2"": 2, ""g5_T1"": 3, ""g5_T2"": 11}"
adaptive,20042,"[15, 17]",False,50,150.0,598.6339999999999,38.1334,0.30629999999999996,827.8208,637.0736999999999,14,"{'g2_T1': 1, 'g2_T2': 2, 'g5_T1': 7, 'g5_T2': 39, 'g10_T2': 1}","[""g2_T1"", ""g10_T2"", ""g5_T2"", ""g2_T2"", ""g5_T2"", ""g2_T2"", ""g5_T2"", ""g5_T2"", ""g5_T2"", ""g5_T2"", ""g5_T2"", ""g5_T2"", ""g5_T2"", ""g5_T2"", ""g5_T2"", ""g5_T2"", ""g5_T2"", ""g5_T2"", ""g5_T2"", ""g5_T2"", ""g5_T2"", ""g5_T1"", ""g5_T2"", ""g5_T1"", ""g5_T2"", ""g5_T2"", ""g5_T1"", ""g5_T2"", ""g5_T2"", ""g5_T2"", ""g5_T2"", ""g5_T2"", ""g5_T2"", ""g5_T2"", ""g5_T2"", ""g5_T2"", ""g5_T2"", ""g5_T2"", ""g5_T1"", ""g5_T1"", ""g5_T1"", ""g5_T1"", ""g5_T2"", ""g5_T2"", ""g5_T2"", ""g5_T2"", ""g5_T2"", ""g5_T2"", ""g5_T2"", ""g5_T2""]",637.0736999999999,50,49,"{""g10_T2"": 1, ""g2_T1"": 1, ""g2_T2"": 2, ""g5_T1"": 7, ""g5_T2"": 39}"
adaptive,20043,"[18, 2]",False,50,150.0,860.0576999999997,41.55950000000001,0.28400000000000003,751.5294,901.9011999999997,10,"{'g2_T1': 1, 'g5_T1': 1, 'g5_T2': 33, 'g10_T1': 12, 'g10_T2': 3}","[""g2_T1"", ""g10_T1"", ""g10_T1"", ""g10_T2"", ""g5_T1"", ""g10_T1"", ""g10_T1"", ""g10_T1"", ""g5_T2"", ""g5_T2"", ""g5_T2"", ""g5_T2"", ""g5_T2"", ""g5_T2"", ""g10_T2"", ""g10_T1"", ""g10_T1"", ""g10_T1"", ""g10_T2"", ""g10_T1"", ""g10_T1"", ""g10_T1"", ""g10_T1"", ""g5_T2"", ""g5_T2"", ""g5_T2"", ""g5_T2"", ""g5_T2"", ""g5_T2"", ""g5_T2"", ""g5_T2"", ""g5_T2"", ""g5_T2"", ""g5_T2"", ""g5_T2"", ""g5_T2"", ""g5_T2"", ""g5_T2"", ""g5_T2"", ""g5_T2"", ""g5_T2"", ""g5_T2"", ""g5_T2"", ""g5_T2"", ""g5_T2"", ""g5_T2"", ""g5_T2"", ""g5_T2"", ""g5_T2"", ""g5_T2""]",901.9011999999997,50,49,"{""g10_T1"": 12, ""g10_T2"": 3, ""g2_T1"": 1, ""g5_T1"": 1, ""g5_T2"": 33}"
adaptive,20044,"[11, 19]",True,25,30.0,530.7892999999999,20.808100000000003,0.8238000000000002,886.9487,552.4211999999999,15,"{'g2_T1': 1, 'g2_T2': 6, 'g5_T1': 1, 'g5_T2': 5, 'g10_T1': 2, 'g10_T2': 10}","[""g2_T1"", ""g5_T2"", ""g5_T2"", ""g5_T2"", ""g2_T2"", ""g10_T2"", ""g10_T2"", ""g10_T2"", ""g2_T2"", ""g10_T2"", ""g2_T2"", ""g10_T2"", ""g2_T2"", ""g10_T2"", ""g2_T2"", ""g2_T2"", ""g10_T1"", ""g10_T1"", ""g5_T2"", ""g5_T1"", ""g5_T2"", ""g10_T2"", ""g10_T2"", ""g10_T2"", ""g10_T2""]",552.4211999999999,25,24,"{""g10_T1"": 2, ""g10_T2"": 10, ""g2_T1"": 1, ""g2_T2"": 6, ""g5_T1"": 1, ""g5_T2"": 5}"
adaptive,20045,"[17, 9]",True,27,27.0,395.74029999999993,22.130600000000005,0.2393,821.44,418.11019999999996,7,"{'g2_T1': 1, 'g2_T2': 3, 'g5_T1': 3, 'g5_T2': 16, 'g10_T2': 4}","[""g2_T1"", ""g10_T2"", ""g10_T2"", ""g2_T2"", ""g5_T2"", ""g2_T2"", ""g2_T2"", ""g5_T2"", ""g5_T2"", ""g5_T2"", ""g5_T2"", ""g5_T2"", ""g5_T2"", ""g5_T2"", ""g5_T2"", ""g5_T2"", ""g5_T2"", ""g5_T2"", ""g5_T2"", ""g5_T2"", ""g5_T2"", ""g5_T2"", ""g5_T1"", ""g5_T1"", ""g5_T1"", ""g10_T2"", ""g10_T2""]",418.11019999999996,27,26,"{""g10_T2"": 4, ""g2_T1"": 1, ""g2_T2"": 3, ""g5_T1"": 3, ""g5_T2"": 16}"
adaptive,20046,"[15, 13]",True,27,27.0,521.4196999999999,18.8667,0.3873,756.0812,540.6736999999999,14,"{'g2_T1': 1, 'g5_T1': 4, 'g5_T2': 13, 'g10_T1': 5, 'g10_T2': 4}","[""g2_T1"", ""g10_T1"", ""g10_T2"", ""g5_T2"", ""g5_T2"", ""g10_T1"", ""g10_T1"", ""g5_T2"", ""g5_T2"", ""g5_T2"", ""g10_T2"", ""g10_T1"", ""g5_T2"", ""g5_T2"", ""g5_T2"", ""g5_T2"", ""g5_T2"", ""g5_T1"", ""g5_T1"", ""g5_T1"", ""g5_T1"", ""g5_T2"", ""g10_T2"", ""g10_T1"", ""g5_T2"", ""g5_T2"", ""g10_T2""]",540.6736999999999,27,26,"{""g10_T1"": 5, ""g10_T2"": 4, ""g2_T1"": 1, ""g5_T1"": 4, ""g5_T2"": 13}"
adaptive,20047,"[18, 1]",True,34,34.0,549.4398000000001,29.063000000000006,0.2138,875.7546,578.7166000000001,7,"{'g2_T1': 1, 'g2_T2': 2, 'g5_T1': 9, 'g5_T2': 16, 'g10_T2': 6}","[""g2_T1"", ""g5_T1"", ""g2_T2"", ""g2_T2"", ""g5_T2"", ""g5_T2"", ""g5_T2"", ""g5_T2"", ""g5_T2"", ""g5_T2"", ""g5_T2"", ""g5_T2"", ""g5_T2"", ""g5_T2"", ""g5_T2"", ""g5_T1"", ""g5_T1"", ""g5_T2"", ""g5_T2"", ""g5_T2"", ""g5_T2"", ""g5_T2"", ""g5_T1"", ""g5_T1"", ""g5_T1"", ""g5_T1"", ""g5_T1"", ""g5_T1"", ""g10_T2"", ""g10_T2"", ""g10_T2"", ""g10_T2"", ""g10_T2"", ""g10_T2""]",578.7166000000001,34,33,"{""g10_T2"": 6, ""g2_T1"": 1, ""g2_T2"": 2, ""g5_T1"": 9, ""g5_T2"": 16}"
adaptive,20048,"[11, 5]",False,50,155.0,1339.4865,43.4355,0.5138999999999999,798.7656,1383.4359,19,"{'g2_T1': 2, 'g2_T3': 1, 'g5_T1': 1, 'g5_T2': 7, 'g10_T1': 33, 'g10_T2': 6}","[""g2_T1"", ""g10_T1"", ""g5_T2"", ""g10_T2"", ""g5_T2"", ""g5_T2"", ""g5_T2"", ""g5_T2"", ""g5_T2"", ""g10_T2"", ""g10_T1"", ""g10_T2"", ""g10_T1"", ""g10_T1"", ""g10_T1"", ""g10_T1"", ""g10_T1"", ""g10_T1"", ""g10_T1"", ""g10_T1"", ""g10_T1"", ""g10_T1"", ""g10_T1"", ""g10_T2"", ""g10_T1"", ""g10_T1"", ""g10_T1"", ""g10_T2"", ""g10_T1"", ""g10_T1"", ""g10_T1"", ""g10_T1"", ""g10_T1"", ""g10_T1"", ""g10_T1"", ""g10_T1"", ""g10_T1"", ""g2_T1"", ""g5_T2"", ""g5_T1"", ""g10_T2"", ""g10_T1"", ""g10_T1"", ""g10_T1"", ""g10_T1"", ""g10_T1"", ""g2_T3"", ""g10_T1"", ""g10_T1"", ""g10_T1""]",1383.4359,50,49,"{""g10_T1"": 33, ""g10_T2"": 6, ""g2_T1"": 2, ""g2_T3"": 1, ""g5_T1"": 1, ""g5_T2"": 7}"
adaptive,20049,"[14, 11]",True,28,33.0,356.9109999999999,22.739499999999996,0.2702,802.8552,379.9206999999999,11,"{'g2_T1': 1, 'g2_T2': 1, 'g5_T1': 5, 'g5_T2': 19, 'g10_T2': 2}","[""g2_T1"", ""g5_T2"", ""g2_T2"", ""g5_T2"", ""g5_T1"", ""g5_T2"", ""g5_T2"", ""g5_T2"", ""g5_T2"", ""g5_T2"", ""g5_T2"", ""g5_T2"", ""g5_T2"", ""g5_T1"", ""g5_T1"", ""g5_T2"", ""g5_T1"", ""g5_T1"", ""g5_T2"", ""g5_T2"", ""g5_T2"", ""g5_T2"", ""g10_T2"", ""g10_T2"", ""g5_T2"", ""g5_T2"", ""g5_T2"", ""g5_T2""]",379.9206999999999,28,27,"{""g10_T2"": 2, ""g2_T1"": 1, ""g2_T2"": 1, ""g5_T1"": 5, ""g5_T2"": 19}"
adaptive,20050,"[14, 9]",True,29,29.0,601.9258000000002,23.157700000000002,0.7514999999999998,897.001,625.8350000000002,20,"{'g2_T1': 3, 'g2_T2': 4, 'g5_T2': 11, 'g10_T1': 4, 'g10_T2': 7}","[""g2_T1"", ""g10_T1"", ""g5_T2"", ""g10_T2"", ""g10_T2"", ""g5_T2"", ""g10_T2"", ""g10_T2"", ""g2_T2"", ""g10_T1"", ""g5_T2"", ""g5_T2"", ""g5_T2"", ""g5_T2"", ""g2_T2"", ""g10_T2"", ""g2_T2"", ""g10_T2"", ""g2_T2"", ""g10_T1"", ""g2_T1"", ""g10_T1"", ""g5_T2"", ""g5_T2"", ""g10_T2"", ""g5_T2"", ""g5_T2"", ""g5_T2"", ""g2_T1""]",625.8350000000002,29,28,"{""g10_T1"": 4, ""g10_T2"": 7, ""g2_T1"": 3, ""g2_T2"": 4, ""g5_T2"": 11}"
adaptive,20051,"[15, 5]",True,32,37.0,554.471,26.538000000000004,0.22100000000000003,882.2156,581.23,6,"{'g2_T1': 1, 'g2_T2': 2, 'g5_T2': 24, 'g10_T2': 5}","[""g2_T1"", ""g5_T2"", ""g2_T2"", ""g2_T2"", ""g5_T2"", ""g5_T2"", ""g5_T2"", ""g5_T2"", ""g5_T2"", ""g5_T2"", ""g5_T2"", ""g5_T2"", ""g10_T2"", ""g5_T2"", ""g5_T2"", ""g5_T2"", ""g5_T2"", ""g5_T2"", ""g5_T2"", ""g5_T2"", ""g5_T2"", ""g5_T2"", ""g5_T2"", ""g5_T2"", ""g5_T2"", ""g5_T2"", ""g5_T2"", ""g5_T2"", ""g10_T2"", ""g10_T2"", ""g10_T2"", ""g10_T2""]",581.23,32,31,"{""g10_T2"": 5, ""g2_T1"": 1, ""g2_T2"": 2, ""g5_T2"": 24}"
adaptive,20052,"[19, 9]",True,40,45.0,737.1468999999998,32.454499999999996,0.49260000000000004,814.2769,770.0939999999998,16,"{'g2_T1': 2, 'g2_T2': 3, 'g2_T3': 1, 'g5_T1': 5, 'g5_T2': 18, 'g10_T1': 5, 'g10_T2': 6}","[""g2_T1"", ""g5_T2"", ""g10_T1"", ""g2_T2"", ""g2_T2"", ""g5_T2"", ""g5_T2"", ""g5_T2"", ""g5_T2"", ""g5_T2"", ""g5_T2"", ""g5_T2"", ""g5_T2"", ""g5_T2"", ""g5_T1"", ""g10_T2"", ""g10_T2"", ""g10_T1"", ""g2_T1"", ""g10_T1"", ""g10_T1"", ""g10_T1"", ""g5_T1"", ""g5_T2"", ""g5_T2"", ""g5_T2"", ""g2_T3"", ""g5_T2"", ""g5_T2"", ""g5_T2"", ""g5_T2"", ""g5_T2"", ""g5_T1"", ""g5_T1"", ""g5_T1"", ""g10_T2"", ""g10_T2"", ""g10_T2"", ""g10_T2"", ""g2_T2""]",770.0939999999998,40,39,"{""g10_T1"": 5, ""g10_T2"": 6, ""g2_T1"": 2, ""g2_T2"": 3, ""g2_T3"": 1, ""g5_T1"": 5, ""g5_T2"": 18}"
adaptive,20053,"[19, 8]",False,50,150.0,977.6766999999999,41.195499999999996,0.7469,749.2946,1019.6190999999999,27,"{'g2_T1': 1, 'g2_T2': 6, 'g5_T1': 7, 'g5_T2': 20, 'g10_T1': 3, 'g10_T2': 13}","[""g2_T1"", ""g10_T2"", ""g5_T2"", ""g5_T1"", ""g5_T2"", ""g5_T2"", ""g2_T2"", ""g5_T2"", ""g2_T2"", ""g10_T2"", ""g2_T2"", ""g5_T2"", ""g5_T2"", ""g5_T2"", ""g5_T2"", ""g5_T2"", ""g5_T2"", ""g10_T2"", ""g10_T2"", ""g10_T2"", ""g10_T2"", ""g2_T2"", ""g10_T2"", ""g2_T2"", ""g10_T2"", ""g2_T2"", ""g10_T2"", ""g10_T2"", ""g10_T2"", ""g10_T2"", ""g10_T2"", ""g10_T1"", ""g10_T1"", ""g10_T1"", ""g5_T1"", ""g5_T1"", ""g5_T2"", ""g5_T2"", ""g5_T2"", ""g5_T1"", ""g5_T2"", ""g5_T2"", ""g5_T2"", ""g5_T2"", ""g5_T1"", ""g5_T2"", ""g5_T2"", ""g5_T1"", ""g5_T2"", ""g5_T1""]",1019.6190999999999,50,49,"{""g10_T1"": 3, ""g10_T2"": 13, ""g2_T1"": 1, ""g2_T2"": 6, ""g5_T1"": 7, ""g5_T2"": 20}"
adaptive,20054,"[15, 18]",True,5,5.0,83.06739999999998,3.6636,0.1223,889.5259,86.85329999999998,4,"{'g2_T1': 1, 'g2_T2': 1, 'g5_T2': 1, 'g10_T1': 1, 'g10_T2': 1}","[""g2_T1"", ""g10_T1"", ""g10_T2"", ""g5_T2"", ""g2_T2""]",86.85329999999998,5,4,"{""g10_T1"": 1, ""g10_T2"": 1, ""g2_T1"": 1, ""g2_T2"": 1, ""g5_T2"": 1}"
adaptive,20055,"[19, 14]",True,17,27.0,310.28810000000004,12.5739,0.22949999999999998,812.026,323.0915,6,"{'g2_T1': 1, 'g5_T2': 12, 'g10_T2': 4}","[""g2_T1"", ""g10_T2"", ""g5_T2"", ""g10_T2"", ""g10_T2"", ""g5_T2"", ""g5_T2"", ""g5_T2"", ""g5_T2"", ""g5_T2"", ""g5_T2"", ""g5_T2"", ""g5_T2"", ""g5_T2"", ""g5_T2"", ""g10_T2"", ""g5_T2""]",323.0915,17,16,"{""g10_T2"": 4, ""g2_T1"": 1, ""g5_T2"": 12}"
adaptive,20056,"[18, 19]",True,21,21.0,256.0021,15.674399999999997,0.2208,925.0219,271.8973,8,"{'g2_T1': 1, 'g2_T2': 1, 'g5_T1': 7, 'g5_T2': 11, 'g10_T2': 1}","[""g2_T1"", ""g5_T2"", ""g10_T2"", ""g5_T2"", ""g5_T2"", ""g5_T2"", ""g5_T2"", ""g5_T2"", ""g5_T2"", ""g5_T1"", ""g5_T1"", ""g5_T1"", ""g5_T1"", ""g5_T1"", ""g5_T1"", ""g5_T2"", ""g5_T2"", ""g5_T1"", ""g5_T2"", ""g5_T2"", ""g2_T2""]",271.8973,21,20,"{""g10_T2"": 1, ""g2_T1"": 1, ""g2_T2"": 1, ""g5_T1"": 7, ""g5_T2"": 11}"
adaptive,20057,"[15, 10]",True,20,20.0,436.9887999999999,15.0868,0.30879999999999996,819.4209,452.3843999999999,11,"{'g2_T1': 1, 'g2_T2': 4, 'g5_T1': 1, 'g5_T2': 5, 'g10_T1': 3, 'g10_T2': 6}","[""g2_T1"", ""g2_T2"", ""g2_T2"", ""g10_T2"", ""g5_T2"", ""g5_T2"", ""g5_T2"", ""g10_T2"", ""g10_T2"", ""g10_T2"", ""g2_T2"", ""g2_T2"", ""g10_T2"", ""g10_T1"", ""g10_T1"", ""g5_T1"", ""g5_T2"", ""g5_T2"", ""g10_T2"", ""g10_T1""]",452.3843999999999,20,19,"{""g10_T1"": 3, ""g10_T2"": 6, ""g2_T1"": 1, ""g2_T2"": 4, ""g5_T1"": 1, ""g5_T2"": 5}"
adaptive,20058,"[15, 4]",False,50,150.0,824.6336,42.6346,0.8884999999999997,815.5686,868.1567,24,"{'g2_T1': 2, 'g2_T2': 9, 'g5_T2': 25, 'g10_T1': 12, 'g10_T2': 2}","[""g2_T1"", ""g10_T1"", ""g10_T2"", ""g10_T2"", ""g10_T1"", ""g2_T1"", ""g10_T1"", ""g2_T2"", ""g10_T1"", ""g2_T2"", ""g10_T1"", ""g2_T2"", ""g10_T1"", ""g2_T2"", ""g10_T1"", ""g2_T2"", ""g10_T1"", ""g2_T2"", ""g10_T1"", ""g2_T2"", ""g10_T1"", ""g2_T2"", ""g10_T1"", ""g10_T1"", ""g5_T2"", ""g5_T2"", ""g5_T2"", ""g5_T2"", ""g5_T2"", ""g5_T2"", ""g5_T2"", ""g5_T2"", ""g5_T2"", ""g5_T2"", ""g5_T2"", ""g5_T2"", ""g5_T2"", ""g5_T2"", ""g5_T2"", ""g5_T2"", ""g5_T2"", ""g5_T2"", ""g5_T2"", ""g2_T2"", ""g5_T2"", ""g5_T2"", ""g5_T2"", ""g5_T2"", ""g5_T2"", ""g5_T2""]",868.1567,50,49,"{""g10_T1"": 12, ""g10_T2"": 2, ""g2_T1"": 2, ""g2_T2"": 9, ""g5_T2"": 25}"
adaptive,20059,"[19, 18]",True,31,36.0,572.7865999999999,25.499399999999994,0.4416,871.7867,598.7275999999999,12,"{'g2_T1': 1, 'g2_T2': 3, 'g2_T3': 1, 'g5_T2': 20, 'g10_T2': 6}","[""g2_T1"", ""g10_T2"", ""g2_T2"", ""g10_T2"", ""g2_T2"", ""g5_T2"", ""g10_T2"", ""g2_T2"", ""g5_T2"", ""g5_T2"", ""g5_T2"", ""g5_T2"", ""g5_T2"", ""g5_T2"", ""g5_T2"", ""g5_T2"", ""g5_T2"", ""g5_T2"", ""g5_T2"", ""g5_T2"", ""g5_T2"", ""g10_T2"", ""g5_T2"", ""g5_T2"", ""g5_T2"", ""g5_T2"", ""g5_T2"", ""g5_T2"", ""g10_T2"", ""g10_T2"", ""g2_T3""]",598.7275999999999,31,30,"{""g10_T2"": 6, ""g2_T1"": 1, ""g2_T2"": 3, ""g2_T3"": 1, ""g5_T2"": 20}"
adaptive,20060,"[16, 6]",True,49,49.0,666.4533000000001,39.7141,0.4808,879.6222,706.6482000000002,15,"{'g2_T1': 1, 'g2_T2': 3, 'g5_T1': 12, 'g5_T2': 28, 'g10_T1': 2, 'g10_T2': 3}","[""g2_T1"", ""g5_T1"", ""g10_T1"", ""g2_T2"", ""g10_T1"", ""g5_T1"", ""g5_T1"", ""g5_T1"", ""g5_T1"", ""g2_T2"", ""g5_T2"", ""g2_T2"", ""g5_T2"", ""g5_T2"", ""g5_T2"", ""g5_T2"", ""g5_T2"", ""g5_T2"", ""g5_T2"", ""g5_T2"", ""g5_T2"", ""g5_T2"", ""g5_T1"", ""g5_T1"", ""g5_T1"", ""g5_T1"", ""g5_T1"", ""g5_T1"", ""g10_T2"", ""g5_T2"", ""g5_T2"", ""g5_T2"", ""g5_T2"", ""g5_T2"", ""g5_T2"", ""g5_T2"", ""g5_T2"", ""g5_T2"", ""g5_T2"", ""g5_T2"", ""g5_T1"", ""g5_T2"", ""g5_T2"", ""g5_T2"", ""g5_T2"", ""g5_T2"", ""g5_T2"", ""g10_T2"", ""g10_T2""]",706.6482000000002,49,48,"{""g10_T1"": 2, ""g10_T2"": 3, ""g2_T1"": 1, ""g2_T2"": 3, ""g5_T1"": 12, ""g5_T2"": 28}"
adaptive,20061,"[17, 3]",False,50,155.0,961.2063999999998,40.5229,0.5083,729.1561,1002.2375999999998,15,"{'g2_T1': 1, 'g2_T2': 3, 'g5_T1': 5, 'g5_T2': 24, 'g10_T1': 12, 'g10_T2': 5}","[""g2_T1"", ""g10_T1"", ""g5_T1"", ""g5_T1"", ""g5_T1"", ""g2_T2"", ""g10_T1"", ""g2_T2"", ""g10_T1"", ""g10_T1"", ""g10_T1"", ""g5_T2"", ""g5_T2"", ""g5_T2"", ""g5_T2"", ""g10_T1"", ""g10_T1"", ""g10_T1"", ""g10_T1"", ""g10_T1"", ""g10_T1"", ""g5_T2"", ""g5_T2"", ""g5_T2"", ""g5_T2"", ""g5_T2"", ""g5_T2"", ""g5_T2"", ""g5_T2"", ""g5_T2"", ""g5_T2"", ""g5_T2"", ""g5_T2"", ""g5_T2"", ""g2_T2"", ""g10_T1"", ""g5_T2"", ""g5_T2"", ""g5_T2"", ""g5_T2"", ""g5_T2"", ""g5_T1"", ""g5_T1"", ""g5_T2"", ""g5_T2"", ""g10_T2"", ""g10_T2"", ""g10_T2"", ""g10_T2"", ""g10_T2""]",1002.2375999999998,50,49,"{""g10_T1"": 12, ""g10_T2"": 5, ""g2_T1"": 1, ""g2_T2"": 3, ""g5_T1"": 5, ""g5_T2"": 24}"
adaptive,20062,"[16, 1]",True,42,42.0,790.4996999999998,34.3683,0.6341999999999999,807.9394,825.5021999999998,20,"{'g2_T1': 1, 'g2_T2': 3, 'g2_T3': 1, 'g5_T1': 11, 'g5_T2': 12, 'g10_T1': 7, 'g10_T2': 7}","[""g2_T1"", ""g10_T1"", ""g5_T1"", ""g5_T1"", ""g5_T1"", ""g2_T2"", ""g5_T1"", ""g2_T2"", ""g5_T2"", ""g2_T2"", ""g10_T1"", ""g10_T1"", ""g5_T2"", ""g5_T2"", ""g10_T2"", ""g10_T2"", ""g10_T2"", ""g10_T2"", ""g10_T1"", ""g10_T1"", ""g5_T1"", ""g10_T2"", ""g10_T1"", ""g10_T1"", ""g5_T2"", ""g5_T2"", ""g5_T2"", ""g5_T2"", ""g5_T2"", ""g5_T2"", ""g5_T1"", ""g5_T1"", ""g10_T2"", ""g10_T2"", ""g5_T1"", ""g5_T1"", ""g5_T1"", ""g5_T1"", ""g5_T2"", ""g5_T2"", ""g5_T2"", ""g2_T3""]",825.5021999999998,42,41,"{""g10_T1"": 7, ""g10_T2"": 7, ""g2_T1"": 1, ""g2_T2"": 3, ""g2_T3"": 1, ""g5_T1"": 11, ""g5_T2"": 12}"
adaptive,20063,"[13, 18]",True,22,27.0,385.3033,18.927200000000003,0.32810000000000006,881.9328,404.5586,11,"{'g2_T1': 5, 'g2_T3': 1, 'g5_T1': 4, 'g5_T2': 5, 'g10_T1': 6, 'g10_T2': 1}","[""g2_T1"", ""g10_T1"", ""g10_T1"", ""g10_T1"", ""g10_T1"", ""g2_T1"", ""g2_T1"", ""g2_T1"", ""g2_T1"", ""g10_T1"", ""g5_T2"", ""g5_T2"", ""g5_T2"", ""g5_T1"", ""g5_T2"", ""g5_T1"", ""g5_T1"", ""g5_T1"", ""g10_T1"", ""g10_T2"", ""g5_T2"", ""g2_T3""]",404.5586,22,21,"{""g10_T1"": 6, ""g10_T2"": 1, ""g2_T1"": 5, ""g2_T3"": 1, ""g5_T1"": 4, ""g5_T2"": 5}"
adaptive,20064,"[14, 14]",True,32,32.0,940.3825999999998,27.537399999999998,0.34490000000000004,731.8918,968.2648999999999,11,"{'g2_T1': 1, 'g2_T2': 1, 'g5_T1': 2, 'g5_T2': 3, 'g10_T1': 12, 'g10_T2': 13}","[""g2_T1"", ""g10_T1"", ""g10_T1"", ""g10_T1"", ""g10_T1"", ""g10_T1"", ""g2_T2"", ""g10_T1"", ""g10_T1"", ""g10_T1"", ""g5_T2"", ""g5_T1"", ""g5_T1"", ""g10_T1"", ""g10_T2"", ""g10_T2"", ""g10_T2"", ""g10_T2"", ""g10_T2"", ""g10_T2"", ""g10_T2"", ""g10_T2"", ""g10_T2"", ""g10_T2"", ""g10_T2"", ""g10_T2"", ""g10_T1"", ""g10_T1"", ""g10_T1"", ""g5_T2"", ""g10_T2"", ""g5_T2""]",968.2648999999999,32,31,"{""g10_T1"": 12, ""g10_T2"": 13, ""g2_T1"": 1, ""g2_T2"": 1, ""g5_T1"": 2, ""g5_T2"": 3}"
adaptive,20065,"[15, 13]",True,38,43.0,1039.9478,33.793200000000006,0.44599999999999995,766.7859,1074.187,16,"{'g2_T1': 1, 'g2_T2': 1, 'g5_T1': 3, 'g5_T2': 5, 'g10_T1': 13, 'g10_T2': 15}","[""g2_T1"", ""g10_T2"", ""g2_T2"", ""g10_T1"", ""g10_T1"", ""g10_T1"", ""g10_T1"", ""g10_T1"", ""g10_T1"", ""g10_T1"", ""g5_T2"", ""g5_T1"", ""g5_T1"", ""g5_T1"", ""g5_T2"", ""g5_T2"", ""g10_T2"", ""g10_T2"", ""g10_T2"", ""g10_T2"", ""g10_T2"", ""g10_T2"", ""g10_T2"", ""g10_T2"", ""g10_T1"", ""g10_T1"", ""g10_T1"", ""g10_T1"", ""g10_T2"", ""g10_T1"", ""g10_T2"", ""g10_T1"", ""g10_T2"", ""g10_T2"", ""g5_T2"", ""g10_T2"", ""g10_T2"", ""g5_T2""]",1074.187,38,37,"{""g10_T1"": 13, ""g10_T2"": 15, ""g2_T1"": 1, ""g2_T2"": 1, ""g5_T1"": 3, ""g5_T2"": 5}"
adaptive,20066,"[14, 12]",True,15,20.0,386.76120000000003,12.539399999999999,0.3799,829.1934,399.68050000000005,10,"{'g2_T1': 2, 'g2_T2': 3, 'g5_T2': 1, 'g10_T1': 1, 'g10_T2': 8}","[""g2_T1"", ""g10_T1"", ""g2_T2"", ""g10_T2"", ""g10_T2"", ""g2_T2"", ""g10_T2"", ""g10_T2"", ""g10_T2"", ""g5_T2"", ""g2_T2"", ""g10_T2"", ""g2_T1"", ""g10_T2"", ""g10_T2""]",399.68050000000005,15,14,"{""g10_T1"": 1, ""g10_T2"": 8, ""g2_T1"": 2, ""g2_T2"": 3, ""g5_T2"": 1}"
adaptive,20067,"[19, 15]",True,40,45.0,566.2614,30.8179,0.5446,762.4535,597.6238999999999,19,"{'g2_T1': 1, 'g2_T2': 4, 'g5_T1': 6, 'g5_T2': 23, 'g10_T1': 3, 'g10_T2': 3}","[""g2_T1"", ""g5_T2"", ""g5_T2"", ""g5_T1"", ""g5_T2"", ""g5_T1"", ""g5_T2"", ""g10_T2"", ""g10_T1"", ""g10_T1"", ""g2_T2"", ""g10_T1"", ""g2_T2"", ""g5_T2"", ""g2_T2"", ""g5_T2"", ""g5_T2"", ""g2_T2"", ""g5_T2"", ""g5_T2"", ""g5_T2"", ""g10_T2"", ""g10_T2"", ""g5_T2"", ""g5_T2"", ""g5_T2"", ""g5_T1"", ""g5_T1"", ""g5_T1"", ""g5_T1"", ""g5_T2"", ""g5_T2"", ""g5_T2"", ""g5_T2"", ""g5_T2"", ""g5_T2"", ""g5_T2"", ""g5_T2"", ""g5_T2"", ""g5_T2""]",597.6238999999999,40,39,"{""g10_T1"": 3, ""g10_T2"": 3, ""g2_T1"": 1, ""g2_T2"": 4, ""g5_T1"": 6, ""g5_T2"": 23}"
adaptive,20068,"[11, 2]",True,2,2.0,60.494600000000005,1.0493,0.0406,768.8733,61.584500000000006,1,"{'g2_T1': 1, 'g10_T2': 1}","[""g2_T1"", ""g10_T2""]",61.584500000000006,2,1,"{""g10_T2"": 1, ""g2_T1"": 1}"
adaptive,20069,"[12, 12]",True,23,28.0,361.90920000000006,18.993600000000004,0.5133,792.4467,381.4161000000001,16,"{'g2_T1': 1, 'g2_T2': 4, 'g5_T1': 1, 'g5_T2': 12, 'g10_T1': 2, 'g10_T2': 3}","[""g2_T1"", ""g10_T2"", ""g10_T1"", ""g2_T2"", ""g5_T2"", ""g2_T2"", ""g5_T2"", ""g2_T2"", ""g5_T2"", ""g2_T2"", ""g5_T2"", ""g5_T2"", ""g5_T2"", ""g5_T2"", ""g5_T2"", ""g5_T2"", ""g5_T2"", ""g5_T1"", ""g5_T2"", ""g10_T2"", ""g5_T2"", ""g10_T2"", ""g10_T1""]",381.4161000000001,23,22,"{""g10_T1"": 2, ""g10_T2"": 3, ""g2_T1"": 1, ""g2_T2"": 4, ""g5_T1"": 1, ""g5_T2"": 12}"
adaptive,20070,"[19, 17]",True,34,34.0,705.0461999999998,28.92310000000001,0.6686000000000001,735.946,734.6378999999997,20,"{'g2_T1': 2, 'g2_T2': 4, 'g5_T1': 1, 'g5_T2': 8, 'g10_T1': 17, 'g10_T2': 2}","[""g2_T1"", ""g10_T1"", ""g10_T1"", ""g10_T2"", ""g10_T1"", ""g10_T1"", ""g5_T2"", ""g10_T1"", ""g2_T2"", ""g10_T1"", ""g2_T2"", ""g10_T1"", ""g2_T2"", ""g10_T1"", ""g2_T2"", ""g10_T1"", ""g10_T1"", ""g10_T1"", ""g10_T1"", ""g2_T1"", ""g10_T2"", ""g10_T1"", ""g10_T1"", ""g10_T1"", ""g5_T2"", ""g5_T2"", ""g5_T2"", ""g5_T2"", ""g5_T2"", ""g5_T1"", ""g10_T1"", ""g10_T1"", ""g5_T2"", ""g5_T2""]",734.6378999999997,34,33,"{""g10_T1"": 17, ""g10_T2"": 2, ""g2_T1"": 2, ""g2_T2"": 4, ""g5_T1"": 1, ""g5_T2"": 8}"
adaptive,20071,"[12, 12]",True,22,22.0,550.0132000000001,19.760199999999998,0.5108,806.3534,570.2842,13,"{'g2_T1': 1, 'g2_T2': 4, 'g2_T3': 1, 'g5_T2': 5, 'g10_T1': 3, 'g10_T2': 8}","[""g2_T1"", ""g2_T2"", ""g10_T1"", ""g2_T2"", ""g10_T1"", ""g2_T2"", ""g5_T2"", ""g5_T2"", ""g5_T2"", ""g5_T2"", ""g10_T2"", ""g10_T2"", ""g10_T2"", ""g10_T2"", ""g10_T2"", ""g10_T2"", ""g2_T2"", ""g10_T1"", ""g2_T3"", ""g10_T2"", ""g5_T2"", ""g10_T2""]",570.2842,22,21,"{""g10_T1"": 3, ""g10_T2"": 8, ""g2_T1"": 1, ""g2_T2"": 4, ""g2_T3"": 1, ""g5_T2"": 5}"
adaptive,20072,"[13, 15]",True,26,26.0,488.4727000000001,22.067199999999996,0.40110000000000007,741.1655,510.9410000000001,12,"{'g2_T1': 1, 'g2_T2': 2, 'g5_T1': 2, 'g5_T2': 13, 'g10_T1': 3, 'g10_T2': 5}","[""g2_T1"", ""g10_T2"", ""g10_T2"", ""g5_T2"", ""g10_T1"", ""g2_T2"", ""g10_T1"", ""g2_T2"", ""g5_T2"", ""g5_T2"", ""g10_T2"", ""g10_T2"", ""g5_T2"", ""g5_T2"", ""g5_T2"", ""g5_T2"", ""g5_T2"", ""g5_T2"", ""g5_T2"", ""g5_T2"", ""g5_T2"", ""g5_T2"", ""g5_T1"", ""g5_T1"", ""g10_T2"", ""g10_T1""]",510.9410000000001,26,25,"{""g10_T1"": 3, ""g10_T2"": 5, ""g2_T1"": 1, ""g2_T2"": 2, ""g5_T1"": 2, ""g5_T2"": 13}"
adaptive,20073,"[15, 10]",True,25,30.0,377.0617,19.6802,0.38830000000000003,814.9019,397.1302,11,"{'g2_T1': 1, 'g2_T2': 5, 'g5_T1': 1, 'g5_T2': 13, 'g10_T1': 2, 'g10_T2': 3}","[""g2_T1"", ""g10_T1"", ""g2_T2"", ""g10_T1"", ""g2_T2"", ""g2_T2"", ""g2_T2"", ""g5_T2"", ""g5_T2"", ""g5_T2"", ""g10_T2"", ""g5_T2"", ""g5_T2"", ""g5_T2"", ""g5_T2"", ""g5_T2"", ""g5_T1"", ""g10_T2"", ""g10_T2"", ""g5_T2"", ""g5_T2"", ""g5_T2"", ""g5_T2"", ""g5_T2"", ""g2_T2""]",397.1302,25,24,"{""g10_T1"": 2, ""g10_T2"": 3, ""g2_T1"": 1, ""g2_T2"": 5, ""g5_T1"": 1, ""g5_T2"": 13}"
adaptive,20074,"[17, 5]",True,37,37.0,593.2556,31.410600000000006,0.7043,809.6757,625.3705,23,"{'g2_T1': 2, 'g2_T2': 3, 'g5_T1': 9, 'g5_T2': 13, 'g10_T1': 4, 'g10_T2': 6}","[""g2_T1"", ""g10_T2"", ""g10_T2"", ""g5_T2"", ""g2_T2"", ""g5_T2"", ""g2_T2"", ""g5_T2"", ""g10_T2"", ""g2_T2"", ""g5_T2"", ""g5_T2"", ""g5_T2"", ""g5_T1"", ""g5_T2"", ""g10_T2"", ""g2_T1"", ""g10_T1"", ""g5_T1"", ""g5_T1"", ""g5_T1"", ""g5_T1"", ""g5_T1"", ""g5_T1"", ""g5_T2"", ""g5_T2"", ""g5_T1"", ""g5_T2"", ""g5_T1"", ""g10_T1"", ""g10_T1"", ""g10_T1"", ""g10_T2"", ""g5_T2"", ""g5_T2"", ""g5_T2"", ""g10_T2""]",625.3705,37,36,"{""g10_T1"": 4, ""g10_T2"": 6, ""g2_T1"": 2, ""g2_T2"": 3, ""g5_T1"": 9, ""g5_T2"": 13}"
adaptive,20075,"[15, 9]",False,50,150.0,1146.5756,41.4127,1.3113000000000001,734.7461,1189.2996,37,"{'g2_T1': 2, 'g2_T2': 13, 'g5_T1': 1, 'g5_T2': 10, 'g10_T1': 4, 'g10_T2': 20}","[""g2_T1"", ""g10_T1"", ""g5_T2"", ""g5_T2"", ""g2_T1"", ""g5_T2"", ""g2_T2"", ""g5_T2"", ""g2_T2"", ""g5_T2"", ""g10_T2"", ""g10_T2"", ""g10_T2"", ""g5_T2"", ""g10_T2"", ""g10_T2"", ""g10_T2"", ""g2_T2"", ""g10_T2"", ""g2_T2"", ""g10_T2"", ""g2_T2"", ""g10_T2"", ""g2_T2"", ""g10_T2"", ""g2_T2"", ""g10_T2"", ""g2_T2"", ""g10_T2"", ""g2_T2"", ""g10_T2"", ""g2_T2"", ""g10_T2"", ""g2_T2"", ""g10_T2"", ""g2_T2"", ""g10_T2"", ""g2_T2"", ""g10_T2"", ""g10_T2"", ""g10_T2"", ""g10_T2"", ""g10_T1"", ""g10_T1"", ""g10_T1"", ""g5_T2"", ""g5_T1"", ""g5_T2"", ""g5_T2"", ""g5_T2""]",1189.2996,50,49,"{""g10_T1"": 4, ""g10_T2"": 20, ""g2_T1"": 2, ""g2_T2"": 13, ""g5_T1"": 1, ""g5_T2"": 10}"
adaptive,20076,"[10, 10]",True,20,20.0,333.55010000000004,15.461400000000001,0.32139999999999996,813.5713,349.33290000000005,10,"{'g2_T1': 1, 'g2_T2': 4, 'g5_T2': 9, 'g10_T1': 4, 'g10_T2': 2}","[""g2_T1"", ""g10_T1"", ""g10_T2"", ""g10_T1"", ""g10_T1"", ""g5_T2"", ""g2_T2"", ""g10_T1"", ""g2_T2"", ""g2_T2"", ""g2_T2"", ""g5_T2"", ""g5_T2"", ""g5_T2"", ""g5_T2"", ""g5_T2"", ""g5_T2"", ""g5_T2"", ""g10_T2"", ""g5_T2""]",349.33290000000005,20,19,"{""g10_T1"": 4, ""g10_T2"": 2, ""g2_T1"": 1, ""g2_T2"": 4, ""g5_T2"": 9}"
adaptive,20077,"[15, 8]",True,47,47.0,618.8482,37.8835,0.7346,759.9307,657.4663,24,"{'g2_T1': 3, 'g2_T2': 3, 'g5_T1': 10, 'g5_T2': 24, 'g10_T1': 3, 'g10_T2': 4}","[""g2_T1"", ""g10_T1"", ""g10_T2"", ""g2_T2"", ""g5_T2"", ""g5_T2"", ""g5_T2"", ""g2_T2"", ""g5_T2"", ""g2_T2"", ""g5_T2"", ""g5_T2"", ""g5_T2"", ""g5_T2"", ""g10_T2"", ""g5_T2"", ""g5_T2"", ""g5_T2"", ""g5_T2"", ""g5_T2"", ""g5_T2"", ""g5_T2"", ""g5_T2"", ""g5_T2"", ""g5_T2"", ""g10_T2"", ""g10_T1"", ""g5_T1"", ""g5_T1"", ""g2_T1"", ""g10_T1"", ""g2_T1"", ""g5_T1"", ""g5_T2"", ""g5_T1"", ""g5_T1"", ""g5_T2"", ""g5_T2"", ""g5_T1"", ""g5_T1"", ""g5_T1"", ""g5_T1"", ""g5_T2"", ""g5_T2"", ""g5_T2"", ""g10_T2"", ""g5_T1""]",657.4663,47,46,"{""g10_T1"": 3, ""g10_T2"": 4, ""g2_T1"": 3, ""g2_T2"": 3, ""g5_T1"": 10, ""g5_T2"": 24}"
adaptive,20078,"[18, 2]",True,30,30.0,784.4094,23.765500000000003,0.4318,829.3242,808.6066999999999,15,"{'g2_T1': 3, 'g2_T2': 1, 'g5_T1': 1, 'g5_T2': 7, 'g10_T1': 6, 'g10_T2': 12}","[""g2_T1"", ""g5_T2"", ""g10_T2"", ""g10_T2"", ""g10_T2"", ""g10_T2"", ""g2_T2"", ""g10_T2"", ""g2_T1"", ""g10_T2"", ""g10_T1"", ""g2_T1"", ""g10_T2"", ""g10_T1"", ""g10_T2"", ""g5_T2"", ""g5_T2"", ""g5_T2"", ""g5_T2"", ""g5_T2"", ""g5_T2"", ""g5_T1"", ""g10_T1"", ""g10_T1"", ""g10_T1"", ""g10_T1"", ""g10_T2"", ""g10_T2"", ""g10_T2"", ""g10_T2""]",808.6066999999999,30,29,"{""g10_T1"": 6, ""g10_T2"": 12, ""g2_T1"": 3, ""g2_T2"": 1, ""g5_T1"": 1, ""g5_T2"": 7}"
adaptive,20079,"[11, 14]",True,18,18.0,316.18109999999996,14.091,0.34689999999999993,895.0237,330.61899999999997,9,"{'g2_T1': 1, 'g2_T2': 3, 'g5_T2': 7, 'g10_T1': 6, 'g10_T2': 1}","[""g2_T1"", ""g10_T1"", ""g10_T1"", ""g10_T1"", ""g10_T1"", ""g10_T1"", ""g2_T2"", ""g5_T2"", ""g10_T1"", ""g2_T2"", ""g5_T2"", ""g2_T2"", ""g5_T2"", ""g5_T2"", ""g5_T2"", ""g5_T2"", ""g5_T2"", ""g10_T2""]",330.61899999999997,18,17,"{""g10_T1"": 6, ""g10_T2"": 1, ""g2_T1"": 1, ""g2_T2"": 3, ""g5_T2"": 7}"
adaptive,20080,"[15, 14]",True,19,19.0,244.096,15.750099999999998,0.29,893.3969,260.1361,3,"{'g2_T1': 1, 'g2_T2': 4, 'g5_T2': 12, 'g10_T2': 2}","[""g2_T1"", ""g2_T2"", ""g2_T2"", ""g2_T2"", ""g2_T2"", ""g5_T2"", ""g5_T2"", ""g5_T2"", ""g5_T2"", ""g5_T2"", ""g5_T2"", ""g5_T2"", ""g5_T2"", ""g5_T2"", ""g5_T2"", ""g5_T2"", ""g5_T2"", ""g10_T2"", ""g10_T2""]",260.1361,19,18,"{""g10_T2"": 2, ""g2_T1"": 1, ""g2_T2"": 4, ""g5_T2"": 12}"
adaptive,20081,"[11, 3]",False,50,180.0,1104.5023,41.95129999999999,0.7290999999999997,816.063,1147.1827,20,"{'g2_T1': 1, 'g2_T2': 2, 'g5_T1': 13, 'g5_T2': 12, 'g10_T1': 2, 'g10_T2': 20}","[""g2_T1"", ""g10_T1"", ""g10_T2"", ""g5_T2"", ""g2_T2"", ""g5_T2"", ""g2_T2"", ""g5_T2"", ""g5_T2"", ""g5_T2"", ""g5_T2"", ""g10_T2"", ""g10_T2"", ""g5_T2"", ""g10_T2"", ""g5_T2"", ""g10_T2"", ""g10_T2"", ""g5_T2"", ""g10_T2"", ""g5_T2"", ""g5_T2"", ""g10_T2"", ""g10_T2"", ""g10_T2"", ""g10_T2"", ""g10_T2"", ""g5_T2"", ""g10_T2"", ""g10_T2"", ""g10_T2"", ""g10_T2"", ""g10_T2"", ""g10_T2"", ""g10_T2"", ""g10_T2"", ""g10_T1"", ""g5_T1"", ""g5_T1"", ""g5_T1"", ""g5_T1"", ""g5_T1"", ""g5_T1"", ""g5_T1"", ""g5_T1"", ""g5_T1"", ""g5_T1"", ""g5_T1"", ""g5_T1"", ""g5_T1""]",1147.1827,50,49,"{""g10_T1"": 2, ""g10_T2"": 20, ""g2_T1"": 1, ""g2_T2"": 2, ""g5_T1"": 13, ""g5_T2"": 12}"
adaptive,20082,"[12, 0]",True,18,18.0,267.4261,13.351700000000003,0.2897,828.1038,281.0675,8,"{'g2_T1': 1, 'g2_T2': 3, 'g5_T1': 1, 'g5_T2': 10, 'g10_T2': 3}","[""g2_T1"", ""g5_T2"", ""g2_T2"", ""g2_T2"", ""g2_T2"", ""g5_T2"", ""g5_T2"", ""g5_T2"", ""g5_T2"", ""g5_T2"", ""g5_T2"", ""g5_T2"", ""g5_T2"", ""g10_T2"", ""g5_T2"", ""g10_T2"", ""g5_T1"", ""g10_T2""]",281.0675,18,17,"{""g10_T2"": 3, ""g2_T1"": 1, ""g2_T2"": 3, ""g5_T1"": 1, ""g5_T2"": 10}"
adaptive,20083,"[19, 5]",True,39,44.0,635.0473,32.5347,0.6550999999999999,919.2923,668.2370999999999,15,"{'g2_T1': 1, 'g2_T2': 3, 'g5_T1': 7, 'g5_T2': 19, 'g10_T1': 2, 'g10_T2': 7}","[""g2_T1"", ""g10_T1"", ""g10_T2"", ""g10_T1"", ""g2_T2"", ""g5_T2"", ""g5_T2"", ""g5_T2"", ""g2_T2"", ""g5_T2"", ""g2_T2"", ""g5_T2"", ""g5_T2"", ""g5_T2"", ""g5_T2"", ""g5_T2"", ""g5_T2"", ""g5_T2"", ""g5_T2"", ""g5_T1"", ""g5_T1"", ""g5_T1"", ""g5_T1"", ""g5_T1"", ""g5_T2"", ""g5_T1"", ""g5_T2"", ""g5_T2"", ""g5_T2"", ""g5_T2"", ""g5_T2"", ""g5_T2"", ""g5_T1"", ""g10_T2"", ""g10_T2"", ""g10_T2"", ""g10_T2"", ""g10_T2"", ""g10_T2""]",668.2370999999999,39,38,"{""g10_T1"": 2, ""g10_T2"": 7, ""g2_T1"": 1, ""g2_T2"": 3, ""g5_T1"": 7, ""g5_T2"": 19}"
adaptive,20084,"[16, 9]",False,50,165.0,828.7894000000002,40.86529999999999,0.6074999999999999,750.4013,870.2622000000002,19,"{'g2_T1': 2, 'g2_T2': 2, 'g5_T1': 2, 'g5_T2': 32, 'g10_T1': 7, 'g10_T2': 5}","[""g2_T1"", ""g10_T1"", ""g10_T1"", ""g10_T1"", ""g2_T1"", ""g10_T1"", ""g2_T2"", ""g10_T2"", ""g2_T2"", ""g10_T2"", ""g5_T2"", ""g5_T2"", ""g5_T2"", ""g5_T2"", ""g5_T2"", ""g5_T2"", ""g5_T2"", ""g5_T2"", ""g5_T2"", ""g5_T2"", ""g5_T2"", ""g5_T2"", ""g5_T2"", ""g5_T2"", ""g5_T2"", ""g5_T2"", ""g5_T2"", ""g5_T2"", ""g5_T2"", ""g5_T1"", ""g5_T2"", ""g5_T2"", ""g10_T2"", ""g10_T1"", ""g10_T2"", ""g5_T2"", ""g10_T1"", ""g10_T1"", ""g5_T2"", ""g5_T2"", ""g10_T2"", ""g5_T1"", ""g5_T2"", ""g5_T2"", ""g5_T2"", ""g5_T2"", ""g5_T2"", ""g5_T2"", ""g5_T2"", ""g5_T2""]",870.2622000000002,50,49,"{""g10_T1"": 7, ""g10_T2"": 5, ""g2_T1"": 2, ""g2_T2"": 2, ""g5_T1"": 2, ""g5_T2"": 32}"
adaptive,20085,"[17, 5]",True,26,31.0,490.38659999999993,20.330099999999998,0.48200000000000004,904.1008,511.1987,14,"{'g2_T1': 1, 'g2_T2': 3, 'g5_T1': 4, 'g5_T2': 11, 'g10_T1': 2, 'g10_T2': 5}","[""g2_T1"", ""g5_T1"", ""g5_T1"", ""g2_T2"", ""g5_T1"", ""g2_T2"", ""g5_T1"", ""g2_T2"", ""g5_T2"", ""g5_T2"", ""g5_T2"", ""g5_T2"", ""g10_T2"", ""g10_T2"", ""g5_T2"", ""g5_T2"", ""g5_T2"", ""g5_T2"", ""g10_T2"", ""g10_T1"", ""g10_T1"", ""g5_T2"", ""g10_T2"", ""g10_T2"", ""g5_T2"", ""g5_T2""]",511.1987,26,25,"{""g10_T1"": 2, ""g10_T2"": 5, ""g2_T1"": 1, ""g2_T2"": 3, ""g5_T1"": 4, ""g5_T2"": 11}"
adaptive,20086,"[18, 12]",True,27,27.0,585.304,22.360999999999997,0.5221,807.9691,608.1871,16,"{'g2_T1': 3, 'g2_T2': 2, 'g5_T1': 2, 'g5_T2': 7, 'g10_T1': 5, 'g10_T2': 8}","[""g2_T1"", ""g10_T2"", ""g5_T2"", ""g5_T2"", ""g5_T2"", ""g10_T2"", ""g5_T2"", ""g10_T2"", ""g10_T2"", ""g2_T1"", ""g10_T1"", ""g2_T2"", ""g2_T1"", ""g2_T2"", ""g10_T2"", ""g10_T2"", ""g10_T1"", ""g10_T1"", ""g10_T1"", ""g10_T1"", ""g5_T1"", ""g5_T1"", ""g5_T2"", ""g5_T2"", ""g10_T2"", ""g10_T2"", ""g5_T2""]",608.1871,27,26,"{""g10_T1"": 5, ""g10_T2"": 8, ""g2_T1"": 3, ""g2_T2"": 2, ""g5_T1"": 2, ""g5_T2"": 7}"
adaptive,20087,"[11, 2]",False,50,155.0,946.8231,41.614200000000004,0.6325000000000001,808.1395,989.0698,21,"{'g2_T1': 2, 'g2_T2': 1, 'g5_T1': 14, 'g5_T2': 11, 'g10_T1': 18, 'g10_T2': 4}","[""g2_T1"", ""g10_T2"", ""g5_T2"", ""g5_T2"", ""g5_T2"", ""g5_T2"", ""g10_T1"", ""g10_T1"", ""g10_T1"", ""g10_T1"", ""g10_T1"", ""g10_T1"", ""g10_T1"", ""g10_T1"", ""g10_T1"", ""g10_T1"", ""g10_T2"", ""g10_T2"", ""g5_T2"", ""g10_T1"", ""g10_T1"", ""g10_T2"", ""g5_T2"", ""g5_T2"", ""g5_T1"", ""g5_T1"", ""g2_T1"", ""g10_T1"", ""g10_T1"", ""g10_T1"", ""g10_T1"", ""g10_T1"", ""g5_T2"", ""g2_T2"", ""g5_T2"", ""g5_T1"", ""g5_T1"", ""g5_T1"", ""g5_T2"", ""g5_T1"", ""g5_T1"", ""g5_T2"", ""g5_T1"", ""g5_T1"", ""g5_T1"", ""g5_T1"", ""g10_T1"", ""g5_T1"", ""g5_T1"", ""g5_T1""]",989.0698,50,49,"{""g10_T1"": 18, ""g10_T2"": 4, ""g2_T1"": 2, ""g2_T2"": 1, ""g5_T1"": 14, ""g5_T2"": 11}"
adaptive,20088,"[14, 5]",True,49,54.0,931.7577000000001,40.3571,0.7015,751.7992,972.8163000000001,19,"{'g2_T1': 2, 'g2_T2': 1, 'g5_T1': 5, 'g5_T2': 24, 'g10_T1': 8, 'g10_T2': 9}","[""g2_T1"", ""g10_T1"", ""g10_T1"", ""g10_T1"", ""g10_T1"", ""g5_T2"", ""g5_T1"", ""g5_T1"", ""g5_T1"", ""g5_T2"", ""g5_T2"", ""g10_T2"", ""g10_T1"", ""g10_T1"", ""g10_T1"", ""g10_T2"", ""g5_T1"", ""g10_T2"", ""g5_T2"", ""g10_T2"", ""g10_T2"", ""g2_T2"", ""g10_T1"", ""g5_T2"", ""g5_T2"", ""g5_T2"", ""g5_T2"", ""g5_T2"", ""g5_T2"", ""g5_T2"", ""g2_T1"", ""g5_T2"", ""g5_T2"", ""g5_T2"", ""g5_T2"", ""g5_T2"", ""g5_T2"", ""g5_T2"", ""g5_T2"", ""g5_T2"", ""g5_T2"", ""g5_T2"", ""g5_T2"", ""g5_T1"", ""g10_T2"", ""g10_T2"", ""g10_T2"", ""g10_T2"", ""g5_T2""]",972.8163000000001,49,48,"{""g10_T1"": 8, ""g10_T2"": 9, ""g2_T1"": 2, ""g2_T2"": 1, ""g5_T1"": 5, ""g5_T2"": 24}"
adaptive,20089,"[16, 3]",False,50,155.0,983.6670000000004,42.424600000000005,0.5065999999999999,750.2795,1026.5982000000004,16,"{'g2_T1': 2, 'g2_T2': 1, 'g5_T1': 3, 'g5_T2': 25, 'g10_T1': 9, 'g10_T2': 10}","[""g2_T1"", ""g10_T1"", ""g10_T2"", ""g10_T1"", ""g10_T1"", ""g10_T1"", ""g10_T1"", ""g10_T1"", ""g2_T1"", ""g10_T1"", ""g5_T2"", ""g5_T2"", ""g5_T2"", ""g5_T2"", ""g5_T2"", ""g10_T2"", ""g10_T2"", ""g10_T2"", ""g10_T2"", ""g10_T2"", ""g10_T1"", ""g10_T1"", ""g5_T2"", ""g5_T1"", ""g10_T2"", ""g5_T1"", ""g5_T1"", ""g5_T2"", ""g5_T2"", ""g5_T2"", ""g5_T2"", ""g5_T2"", ""g5_T2"", ""g2_T2"", ""g5_T2"", ""g5_T2"", ""g5_T2"", ""g5_T2"", ""g5_T2"", ""g5_T2"", ""g5_T2"", ""g5_T2"", ""g5_T2"", ""g5_T2"", ""g5_T2"", ""g5_T2"", ""g5_T2"", ""g10_T2"", ""g10_T2"", ""g10_T2""]",1026.5982000000004,50,49,"{""g10_T1"": 9, ""g10_T2"": 10, ""g2_T1"": 2, ""g2_T2"": 1, ""g5_T1"": 3, ""g5_T2"": 25}"
adaptive,20090,"[11, 9]",True,17,17.0,350.2472,13.354100000000003,0.2619,757.5525,363.86320000000006,8,"{'g2_T1': 1, 'g2_T2': 1, 'g5_T2': 7, 'g10_T1': 5, 'g10_T2': 3}","[""g2_T1"", ""g5_T2"", ""g10_T1"", ""g10_T1"", ""g2_T2"", ""g10_T1"", ""g5_T2"", ""g5_T2"", ""g5_T2"", ""g5_T2"", ""g5_T2"", ""g5_T2"", ""g10_T2"", ""g10_T2"", ""g10_T1"", ""g10_T1"", ""g10_T2""]",363.86320000000006,17,16,"{""g10_T1"": 5, ""g10_T2"": 3, ""g2_T1"": 1, ""g2_T2"": 1, ""g5_T2"": 7}"
adaptive,20091,"[15, 3]",True,33,33.0,535.1449000000001,26.1063,0.36760000000000004,895.0629,561.6188000000002,11,"{'g2_T1': 1, 'g2_T2': 3, 'g5_T1': 2, 'g5_T2': 22, 'g10_T2': 5}","[""g2_T1"", ""g5_T2"", ""g2_T2"", ""g5_T1"", ""g2_T2"", ""g5_T2"", ""g2_T2"", ""g5_T2"", ""g5_T2"", ""g5_T2"", ""g5_T2"", ""g5_T2"", ""g10_T2"", ""g5_T2"", ""g5_T2"", ""g5_T2"", ""g5_T2"", ""g5_T2"", ""g5_T2"", ""g5_T2"", ""g5_T2"", ""g5_T2"", ""g5_T2"", ""g5_T2"", ""g5_T2"", ""g5_T2"", ""g5_T2"", ""g5_T2"", ""g5_T1"", ""g10_T2"", ""g10_T2"", ""g10_T2"", ""g10_T2""]",561.6188000000002,33,32,"{""g10_T2"": 5, ""g2_T1"": 1, ""g2_T2"": 3, ""g5_T1"": 2, ""g5_T2"": 22}"
adaptive,20092,"[12, 6]",True,18,18.0,267.0857,15.368599999999999,0.2989,887.1565,282.7532,7,"{'g2_T1': 1, 'g2_T2': 5, 'g5_T2': 10, 'g10_T2': 2}","[""g2_T1"", ""g10_T2"", ""g10_T2"", ""g2_T2"", ""g5_T2"", ""g2_T2"", ""g5_T2"", ""g2_T2"", ""g2_T2"", ""g2_T2"", ""g5_T2"", ""g5_T2"", ""g5_T2"", ""g5_T2"", ""g5_T2"", ""g5_T2"", ""g5_T2"", ""g5_T2""]",282.7532,18,17,"{""g10_T2"": 2, ""g2_T1"": 1, ""g2_T2"": 5, ""g5_T2"": 10}"
adaptive,20093,"[12, 0]",False,50,155.0,850.7973999999999,40.31779999999999,0.15319999999999998,725.0984,891.2683999999999,6,"{'g2_T1': 1, 'g5_T1': 1, 'g5_T2': 38, 'g10_T1': 4, 'g10_T2': 6}","[""g2_T1"", ""g10_T1"", ""g10_T2"", ""g10_T2"", ""g10_T2"", ""g10_T1"", ""g10_T1"", ""g10_T1"", ""g10_T2"", ""g10_T2"", ""g10_T2"", ""g5_T1"", ""g5_T2"", ""g5_T2"", ""g5_T2"", ""g5_T2"", ""g5_T2"", ""g5_T2"", ""g5_T2"", ""g5_T2"", ""g5_T2"", ""g5_T2"", ""g5_T2"", ""g5_T2"", ""g5_T2"", ""g5_T2"", ""g5_T2"", ""g5_T2"", ""g5_T2"", ""g5_T2"", ""g5_T2"", ""g5_T2"", ""g5_T2"", ""g5_T2"", ""g5_T2"", ""g5_T2"", ""g5_T2"", ""g5_T2"", ""g5_T2"", ""g5_T2"", ""g5_T2"", ""g5_T2"", ""g5_T2"", ""g5_T2"", ""g5_T2"", ""g5_T2"", ""g5_T2"", ""g5_T2"", ""g5_T2"", ""g5_T2""]",891.2683999999999,50,49,"{""g10_T1"": 4, ""g10_T2"": 6, ""g2_T1"": 1, ""g5_T1"": 1, ""g5_T2"": 38}"
adaptive,20094,"[16, 13]",True,19,29.0,458.68469999999996,15.957900000000002,0.20439999999999997,886.8198,474.847,6,"{'g2_T1': 1, 'g2_T2': 3, 'g5_T2': 4, 'g10_T1': 3, 'g10_T2': 8}","[""g2_T1"", ""g5_T2"", ""g5_T2"", ""g2_T2"", ""g2_T2"", ""g2_T2"", ""g10_T2"", ""g10_T2"", ""g10_T2"", ""g10_T2"", ""g5_T2"", ""g5_T2"", ""g10_T2"", ""g10_T2"", ""g10_T2"", ""g10_T2"", ""g10_T1"", ""g10_T1"", ""g10_T1""]",474.847,19,18,"{""g10_T1"": 3, ""g10_T2"": 8, ""g2_T1"": 1, ""g2_T2"": 3, ""g5_T2"": 4}"
adaptive,20095,"[17, 16]",True,50,50.0,860.2657999999998,41.415899999999986,1.0645,825.3005,902.7461999999997,30,"{'g2_T1': 2, 'g2_T2': 13, 'g5_T1': 6, 'g5_T2': 12, 'g10_T1': 8, 'g10_T2': 9}","[""g2_T1"", ""g10_T1"", ""g2_T2"", ""g10_T1"", ""g2_T2"", ""g2_T2"", ""g2_T2"", ""g5_T2"", ""g5_T2"", ""g2_T2"", ""g5_T2"", ""g5_T2"", ""g5_T2"", ""g10_T2"", ""g2_T2"", ""g10_T2"", ""g2_T2"", ""g10_T2"", ""g2_T2"", ""g10_T2"", ""g2_T2"", ""g10_T2"", ""g2_T2"", ""g10_T2"", ""g2_T2"", ""g10_T2"", ""g2_T2"", ""g10_T2"", ""g2_T2"", ""g10_T2"", ""g10_T1"", ""g10_T1"", ""g10_T1"", ""g10_T1"", ""g10_T1"", ""g10_T1"", ""g5_T1"", ""g5_T1"", ""g5_T1"", ""g5_T2"", ""g5_T2"", ""g5_T2"", ""g5_T2"", ""g5_T2"", ""g5_T1"", ""g5_T1"", ""g5_T1"", ""g5_T2"", ""g5_T2"", ""g2_T1""]",902.7461999999997,50,49,"{""g10_T1"": 8, ""g10_T2"": 9, ""g2_T1"": 2, ""g2_T2"": 13, ""g5_T1"": 6, ""g5_T2"": 12}"
adaptive,20096,"[18, 11]",True,42,42.0,700.2651999999999,34.5261,0.5301999999999999,741.1312,735.3215,20,"{'g2_T1': 1, 'g2_T2': 1, 'g5_T1': 10, 'g5_T2': 19, 'g10_T1': 7, 'g10_T2': 4}","[""g2_T1"", ""g5_T2"", ""g10_T1"", ""g2_T2"", ""g10_T1"", ""g5_T2"", ""g5_T2"", ""g5_T2"", ""g10_T2"", ""g10_T1"", ""g10_T2"", ""g5_T2"", ""g5_T2"", ""g5_T2"", ""g5_T2"", ""g5_T2"", ""g5_T2"", ""g5_T2"", ""g5_T2"", ""g5_T1"", ""g5_T1"", ""g5_T1"", ""g5_T1"", ""g5_T1"", ""g10_T2"", ""g10_T1"", ""g10_T1"", ""g10_T1"", ""g10_T1"", ""g5_T2"", ""g5_T1"", ""g5_T1"", ""g10_T2"", ""g5_T2"", ""g5_T2"", ""g5_T2"", ""g5_T2"", ""g5_T1"", ""g5_T1"", ""g5_T2"", ""g5_T1"", ""g5_T2""]",735.3215,42,41,"{""g10_T1"": 7, ""g10_T2"": 4, ""g2_T1"": 1, ""g2_T2"": 1, ""g5_T1"": 10, ""g5_T2"": 19}"
adaptive,20097,"[19, 17]",True,45,45.0,1130.3784999999998,36.44790000000002,0.3885,734.6197,1167.2149,16,"{'g2_T1': 1, 'g2_T2': 1, 'g5_T2': 14, 'g10_T1': 18, 'g10_T2': 11}","[""g2_T1"", ""g10_T1"", ""g10_T2"", ""g10_T1"", ""g10_T1"", ""g10_T1"", ""g10_T1"", ""g10_T1"", ""g10_T2"", ""g10_T1"", ""g5_T2"", ""g5_T2"", ""g5_T2"", ""g5_T2"", ""g5_T2"", ""g10_T2"", ""g10_T2"", ""g10_T2"", ""g10_T1"", ""g10_T2"", ""g10_T2"", ""g10_T2"", ""g10_T1"", ""g10_T2"", ""g5_T2"", ""g5_T2"", ""g5_T2"", ""g5_T2"", ""g5_T2"", ""g5_T2"", ""g5_T2"", ""g2_T2"", ""g10_T1"", ""g10_T1"", ""g10_T1"", ""g10_T1"", ""g10_T1"", ""g10_T1"", ""g10_T1"", ""g10_T1"", ""g10_T1"", ""g10_T2"", ""g10_T2"", ""g5_T2"", ""g5_T2""]",1167.2149,45,44,"{""g10_T1"": 18, ""g10_T2"": 11, ""g2_T1"": 1, ""g2_T2"": 1, ""g5_T2"": 14}"
adaptive,20098,"[17, 11]",True,27,32.0,443.5442,21.232000000000003,0.35540000000000005,829.5376,465.1316,13,"{'g2_T1': 1, 'g2_T2': 3, 'g5_T1': 2, 'g5_T2': 16, 'g10_T1': 1, 'g10_T2': 4}","[""g2_T1"", ""g10_T1"", ""g10_T2"", ""g10_T2"", ""g5_T2"", ""g2_T2"", ""g2_T2"", ""g10_T2"", ""g2_T2"", ""g5_T2"", ""g5_T2"", ""g5_T2"", ""g5_T2"", ""g5_T2"", ""g5_T2"", ""g5_T2"", ""g5_T2"", ""g5_T2"", ""g5_T2"", ""g5_T2"", ""g5_T2"", ""g5_T1"", ""g5_T2"", ""g5_T1"", ""g5_T2"", ""g10_T2"", ""g5_T2""]",465.1316,27,26,"{""g10_T1"": 1, ""g10_T2"": 4, ""g2_T1"": 1, ""g2_T2"": 3, ""g5_T1"": 2, ""g5_T2"": 16}"
adaptive,20099,"[14, 12]",True,18,18.0,202.39440000000002,11.734599999999999,0.19269999999999998,868.5484,214.32170000000002,6,"{'g2_T1': 1, 'g2_T2': 6, 'g5_T2': 10, 'g10_T2': 1}","[""g2_T1"", ""g5_T2"", ""g2_T2"", ""g5_T2"", ""g2_T2"", ""g2_T2"", ""g2_T2"", ""g2_T2"", ""g2_T2"", ""g5_T2"", ""g5_T2"", ""g5_T2"", ""g5_T2"", ""g5_T2"", ""g5_T2"", ""g5_T2"", ""g5_T2"", ""g10_T2""]",214.32170000000002,18,17,"{""g10_T2"": 1, ""g2_T1"": 1, ""g2_T2"": 6, ""g5_T2"": 10}"
